predictions,actual,error
2.95,3.0,0.04999999999999982
1.18,1.0,-0.17999999999999994
8.06,8.0,-0.0600000000000005
9.05,9.0,-0.05000000000000071
10.92,11.0,0.08000000000000007
533.44,445.0,-88.44000000000005
14.05,14.0,-0.05000000000000071
10.23,10.0,-0.23000000000000043
14.1,14.0,-0.09999999999999964
19.08,19.0,-0.0799999999999983
9.07,9.0,-0.07000000000000028
7.0,7.0,0.0
5.01,5.0,-0.009999999999999787
1.02,1.0,-0.020000000000000018
2.81,3.0,0.18999999999999995
5.96,6.0,0.040000000000000036
4.98,5.0,0.019999999999999574
10.04,10.0,-0.03999999999999915
1.0,1.0,0.0
17.1,17.0,-0.10000000000000142
4.97,5.0,0.03000000000000025
12.1,12.0,-0.09999999999999964
1.12,1.0,-0.1200000000000001
5.99,6.0,0.009999999999999787
0.0,0.0,0.0
11.8,12.0,0.1999999999999993
1.15,1.0,-0.1499999999999999
7.97,8.0,0.03000000000000025
7.92,8.0,0.08000000000000007
6.01,6.0,-0.009999999999999787
43.37,43.0,-0.36999999999999744
13.87,14.0,0.13000000000000078
6.01,6.0,-0.009999999999999787
17.21,17.0,-0.21000000000000085
0.99,1.0,0.010000000000000009
7.94,8.0,0.05999999999999961
9.95,10.0,0.05000000000000071
10.94,11.0,0.0600000000000005
28.12,28.0,-0.120000000000001
199.33,197.0,-2.3300000000000125
5.06,5.0,-0.05999999999999961
5.02,5.0,-0.019999999999999574
6.41,6.0,-0.41000000000000014
22.83,23.0,0.1700000000000017
8.07,8.0,-0.07000000000000028
4.98,5.0,0.019999999999999574
5.0,5.0,0.0
15.03,15.0,-0.02999999999999936
7.11,7.0,-0.11000000000000032
3.01,3.0,-0.009999999999999787
7.96,8.0,0.040000000000000036
8.22,8.0,-0.22000000000000064
20.41,20.0,-0.41000000000000014
23.15,23.0,-0.14999999999999858
7.95,8.0,0.04999999999999982
9.99,10.0,0.009999999999999787
7.09,7.0,-0.08999999999999986
21.2,21.0,-0.1999999999999993
5.37,4.0,-1.37
1.0,1.0,0.0
9.02,9.0,-0.019999999999999574
4.11,4.0,-0.11000000000000032
6.02,6.0,-0.019999999999999574
5.47,5.0,-0.46999999999999975
3.01,3.0,-0.009999999999999787
31.34,31.0,-0.33999999999999986
8.99,9.0,0.009999999999999787
13.83,14.0,0.16999999999999993
3.73,3.0,-0.73
4.98,5.0,0.019999999999999574
9.45,10.0,0.5500000000000007
14.93,15.0,0.07000000000000028
0.0,0.0,0.0
6.96,7.0,0.040000000000000036
10.18,10.0,-0.17999999999999972
16.88,17.0,0.120000000000001
13.91,14.0,0.08999999999999986
0.0,0.0,0.0
3.04,3.0,-0.040000000000000036
4.0,4.0,0.0
6.05,6.0,-0.04999999999999982
7.95,8.0,0.04999999999999982
22.84,23.0,0.16000000000000014
12.83,13.0,0.16999999999999993
219.58,217.0,-2.5800000000000125
0.0,0.0,0.0
6.0,6.0,0.0
4.96,5.0,0.040000000000000036
10.06,10.0,-0.0600000000000005
17.95,18.0,0.05000000000000071
4.05,4.0,-0.04999999999999982
13.01,13.0,-0.009999999999999787
19.11,19.0,-0.10999999999999943
3.09,3.0,-0.08999999999999986
2.0,2.0,0.0
41.66,42.0,0.3400000000000034
1.01,1.0,-0.010000000000000009
3.99,4.0,0.009999999999999787
17.92,18.0,0.0799999999999983
14.06,14.0,-0.0600000000000005
2.24,3.0,0.7599999999999998
10.88,11.0,0.11999999999999922
3.18,3.0,-0.18000000000000016
3.0,3.0,0.0
2.88,3.0,0.1200000000000001
6.83,7.0,0.16999999999999993
2.0,2.0,0.0
18.32,18.0,-0.3200000000000003
11.83,12.0,0.16999999999999993
1.05,1.0,-0.050000000000000044
3.96,4.0,0.040000000000000036
9.02,9.0,-0.019999999999999574
4.97,5.0,0.03000000000000025
20.85,21.0,0.14999999999999858
6.01,6.0,-0.009999999999999787
3.93,4.0,0.06999999999999984
4.11,4.0,-0.11000000000000032
6.0,6.0,0.0
35.91,35.0,-0.9099999999999966
48.62,48.0,-0.6199999999999974
9.99,10.0,0.009999999999999787
31.51,31.0,-0.5100000000000016
9.98,10.0,0.019999999999999574
70.96,72.0,1.0400000000000063
0.0,0.0,0.0
6.01,6.0,-0.009999999999999787
27.99,28.0,0.010000000000001563
13.94,14.0,0.0600000000000005
14.01,14.0,-0.009999999999999787
28.96,29.0,0.03999999999999915
471.34,388.0,-83.33999999999997
21.05,21.0,-0.05000000000000071
21.69,22.0,0.3099999999999987
3.06,3.0,-0.06000000000000005
61.59,54.0,-7.590000000000003
80.84,82.0,1.1599999999999966
1165.49,1178.0,12.509999999999991
22.93,23.0,0.07000000000000028
26.07,26.0,-0.07000000000000028
4.11,4.0,-0.11000000000000032
19.17,19.0,-0.1700000000000017
10.57,11.0,0.4299999999999997
11.23,11.0,-0.23000000000000043
52.02,53.0,0.9799999999999969
20.01,20.0,-0.010000000000001563
4.07,4.0,-0.07000000000000028
4.03,4.0,-0.03000000000000025
3.05,3.0,-0.04999999999999982
5.98,6.0,0.019999999999999574
28.0,29.0,1.0
10.08,10.0,-0.08000000000000007
37.78,38.0,0.21999999999999886
2.12,2.0,-0.1200000000000001
13.89,14.0,0.10999999999999943
18.04,18.0,-0.03999999999999915
37.77,38.0,0.22999999999999687
35.16,35.0,-0.1599999999999966
9.58,10.0,0.41999999999999993
71.52,73.0,1.480000000000004
109.86,114.0,4.140000000000001
41.32,42.0,0.6799999999999997
0.0,0.0,0.0
0.0,0.0,0.0
99.91,91.0,-8.909999999999997
5.02,5.0,-0.019999999999999574
231.36,233.0,1.6399999999999864
0.0,0.0,0.0
28.1,28.0,-0.10000000000000142
27.26,27.0,-0.26000000000000156
4.02,4.0,-0.019999999999999574
0.0,0.0,0.0
24.07,24.0,-0.07000000000000028
8.98,9.0,0.019999999999999574
0.0,0.0,0.0
17.25,17.0,-0.25
184.99,177.0,-7.990000000000009
12.14,12.0,-0.14000000000000057
38.15,38.0,-0.14999999999999858
29.31,30.0,0.6900000000000013
189.51,161.0,-28.50999999999999
222.28,228.0,5.719999999999999
29.81,30.0,0.19000000000000128
11.2,11.0,-0.1999999999999993
1.0,1.0,0.0
6.02,6.0,-0.019999999999999574
24.07,24.0,-0.07000000000000028
17.03,17.0,-0.030000000000001137
6.93,7.0,0.07000000000000028
53.28,53.0,-0.28000000000000114
54.32,54.0,-0.3200000000000003
51.1,50.0,-1.1000000000000014
0.0,0.0,0.0
34.88,34.0,-0.8800000000000026
37.79,37.0,-0.7899999999999991
16.12,16.0,-0.120000000000001
34.48,33.0,-1.4799999999999969
30.23,29.0,-1.2300000000000004
19.94,20.0,0.05999999999999872
28.69,28.0,-0.6900000000000013
2.05,2.0,-0.04999999999999982
20.89,21.0,0.10999999999999943
18.34,18.0,-0.33999999999999986
5.01,5.0,-0.009999999999999787
56.95,55.0,-1.9500000000000028
13.13,13.0,-0.13000000000000078
21.15,21.0,-0.14999999999999858
4.0,4.0,0.0
7.12,8.0,0.8799999999999999
5.04,5.0,-0.040000000000000036
105.18,106.0,0.8199999999999932
2.01,2.0,-0.009999999999999787
5.92,6.0,0.08000000000000007
5.01,5.0,-0.009999999999999787
0.1,0.0,-0.1
0.96,1.0,0.040000000000000036
7.02,7.0,-0.019999999999999574
5.03,5.0,-0.03000000000000025
2.0,2.0,0.0
3.0,3.0,0.0
7.83,9.0,1.17
15.01,15.0,-0.009999999999999787
2.02,2.0,-0.020000000000000018
0.0,0.0,0.0
0.0,0.0,0.0
4.07,4.0,-0.07000000000000028
12.75,13.0,0.25
9.07,9.0,-0.07000000000000028
2.99,3.0,0.009999999999999787
1.96,2.0,0.040000000000000036
10.03,10.0,-0.02999999999999936
10.99,11.0,0.009999999999999787
11.13,11.0,-0.13000000000000078
16.04,16.0,-0.03999999999999915
4.0,4.0,0.0
1.0,1.0,0.0
1.98,2.0,0.020000000000000018
4.01,4.0,-0.009999999999999787
27.93,28.0,0.07000000000000028
14.35,14.0,-0.34999999999999964
15.97,16.0,0.02999999999999936
17.37,14.0,-3.370000000000001
23.45,21.0,-2.4499999999999993
0.13,0.0,-0.13
5.0,5.0,0.0
8.02,8.0,-0.019999999999999574
0.0,0.0,0.0
1.0,1.0,0.0
0.0,0.0,0.0
2.95,3.0,0.04999999999999982
22.7,23.0,0.3000000000000007
3.0,3.0,0.0
5.02,5.0,-0.019999999999999574
1.57,1.0,-0.5700000000000001
10.91,11.0,0.08999999999999986
8.21,8.0,-0.21000000000000085
41.76,38.0,-3.759999999999998
3.0,3.0,0.0
16.7,9.0,-7.699999999999999
0.0,0.0,0.0
14.99,15.0,0.009999999999999787
5.61,4.0,-1.6100000000000003
0.0,0.0,0.0
1.0,1.0,0.0
22.25,17.0,-5.25
3.0,3.0,0.0
15.95,16.0,0.05000000000000071
394.74,235.0,-159.74
9.86,10.0,0.14000000000000057
6.0,6.0,0.0
8.25,8.0,-0.25
1.0,1.0,0.0
1.01,1.0,-0.010000000000000009
3.04,3.0,-0.040000000000000036
0.0,0.0,0.0
3.0,3.0,0.0
1.0,1.0,0.0
11.04,11.0,-0.03999999999999915
8.99,9.0,0.009999999999999787
2.0,2.0,0.0
3.88,4.0,0.1200000000000001
5.04,5.0,-0.040000000000000036
23.06,23.0,-0.05999999999999872
23.0,23.0,0.0
41.29,41.0,-0.28999999999999915
4.13,4.0,-0.1299999999999999
320.69,324.0,3.3100000000000023
3.03,3.0,-0.029999999999999805
15.78,16.0,0.22000000000000064
1.0,1.0,0.0
19.37,19.0,-0.370000000000001
5.02,5.0,-0.019999999999999574
4.88,5.0,0.1200000000000001
43.71,44.0,0.28999999999999915
5.02,5.0,-0.019999999999999574
9.88,10.0,0.11999999999999922
3.95,4.0,0.04999999999999982
144.51,140.0,-4.509999999999991
281.63,266.0,-15.629999999999995
3.35,3.0,-0.3500000000000001
38.43,39.0,0.5700000000000003
6.87,7.0,0.1299999999999999
21.86,22.0,0.14000000000000057
247.47,249.0,1.5300000000000011
21.06,21.0,-0.05999999999999872
74.65,74.0,-0.6500000000000057
17.18,17.0,-0.17999999999999972
209.53,204.0,-5.530000000000001
2.01,2.0,-0.009999999999999787
13.11,13.0,-0.10999999999999943
1.14,1.0,-0.1399999999999999
11.94,12.0,0.0600000000000005
86.96,88.0,1.0400000000000063
2.0,2.0,0.0
28.26,28.0,-0.26000000000000156
13.02,13.0,-0.019999999999999574
9.01,9.0,-0.009999999999999787
1.07,1.0,-0.07000000000000006
11.06,11.0,-0.0600000000000005
30.52,30.0,-0.5199999999999996
23.1,23.0,-0.10000000000000142
2.0,2.0,0.0
9.95,10.0,0.05000000000000071
59.45,60.0,0.5499999999999972
18.96,19.0,0.03999999999999915
10.93,11.0,0.07000000000000028
7.1,7.0,-0.09999999999999964
25.01,25.0,-0.010000000000001563
160.46,167.0,6.539999999999992
17.91,18.0,0.08999999999999986
4.05,4.0,-0.04999999999999982
10.0,10.0,0.0
6.04,6.0,-0.040000000000000036
6.0,6.0,0.0
74.34,74.0,-0.3400000000000034
4.05,4.0,-0.04999999999999982
4.99,5.0,0.009999999999999787
31.13,31.0,-0.129999999999999
1299.67,1286.0,-13.670000000000073
98.91,98.0,-0.9099999999999966
20.98,21.0,0.019999999999999574
7.01,7.0,-0.009999999999999787
59.02,58.0,-1.0200000000000031
14.26,14.0,-0.2599999999999998
129.47,124.0,-5.469999999999999
2.99,3.0,0.009999999999999787
32.03,32.0,-0.030000000000001137
25.18,25.0,-0.17999999999999972
0.0,0.0,0.0
18.17,18.0,-0.1700000000000017
21.1,21.0,-0.10000000000000142
35.64,35.0,-0.6400000000000006
19.15,19.0,-0.14999999999999858
41.18,41.0,-0.17999999999999972
11.21,11.0,-0.21000000000000085
10.05,10.0,-0.05000000000000071
53.08,52.0,-1.0799999999999983
127.69,128.0,0.3100000000000023
149.64,150.0,0.36000000000001364
389.95,408.0,18.05000000000001
9.08,9.0,-0.08000000000000007
3.98,4.0,0.020000000000000018
11.94,12.0,0.0600000000000005
25.35,25.0,-0.3500000000000014
14.98,15.0,0.019999999999999574
2.01,2.0,-0.009999999999999787
3.02,3.0,-0.020000000000000018
161.57,163.0,1.4300000000000068
28.38,29.0,0.620000000000001
19.49,20.0,0.5100000000000016
2.98,3.0,0.020000000000000018
0.0,0.0,0.0
43.77,44.0,0.22999999999999687
0.0,0.0,0.0
21.17,21.0,-0.1700000000000017
45.08,46.0,0.9200000000000017
0.0,0.0,0.0
24.1,24.0,-0.10000000000000142
27.92,28.0,0.0799999999999983
32.09,32.0,-0.09000000000000341
235.07,234.0,-1.0699999999999932
7.99,8.0,0.009999999999999787
131.99,130.0,-1.990000000000009
241.99,246.0,4.009999999999991
145.69,148.0,2.3100000000000023
4.99,5.0,0.009999999999999787
3.0,3.0,0.0
35.46,36.0,0.5399999999999991
166.21,182.0,15.789999999999992
1.0,1.0,0.0
28.1,28.0,-0.10000000000000142
94.36,94.0,-0.35999999999999943
13.14,13.0,-0.14000000000000057
6.99,7.0,0.009999999999999787
3.95,4.0,0.04999999999999982
391.11,366.0,-25.110000000000014
36.91,37.0,0.09000000000000341
2.01,2.0,-0.009999999999999787
0.0,0.0,0.0
23.91,24.0,0.08999999999999986
1.0,1.0,0.0
2.02,2.0,-0.020000000000000018
14.91,15.0,0.08999999999999986
55.18,54.0,-1.1799999999999997
13.99,14.0,0.009999999999999787
43.11,43.0,-0.10999999999999943
42.0,41.0,-1.0
30.3,30.0,-0.3000000000000007
145.39,147.0,1.6100000000000136
13.35,13.0,-0.34999999999999964
14.03,14.0,-0.02999999999999936
5.05,5.0,-0.04999999999999982
1.02,1.0,-0.020000000000000018
28.36,28.0,-0.35999999999999943
14.94,15.0,0.0600000000000005
11.06,11.0,-0.0600000000000005
3.0,3.0,0.0
104.66,101.0,-3.6599999999999966
69.42,71.0,1.5799999999999983
35.77,36.0,0.22999999999999687
11.95,12.0,0.05000000000000071
2.98,3.0,0.020000000000000018
168.16,155.0,-13.159999999999997
85.26,82.0,-3.260000000000005
1.0,1.0,0.0
17.19,17.0,-0.19000000000000128
495.15,497.0,1.8500000000000227
56.62,57.0,0.38000000000000256
43.5,44.0,0.5
20.93,21.0,0.07000000000000028
34.59,35.0,0.4099999999999966
12.95,13.0,0.05000000000000071
2.01,2.0,-0.009999999999999787
0.0,0.0,0.0
3.0,3.0,0.0
166.11,166.0,-0.11000000000001364
0.0,0.0,0.0
11.96,12.0,0.03999999999999915
5.15,5.0,-0.15000000000000036
1.0,1.0,0.0
0.0,0.0,0.0
10.37,10.0,-0.3699999999999992
4.01,4.0,-0.009999999999999787
0.0,0.0,0.0
1.0,1.0,0.0
0.0,0.0,0.0
0.0,0.0,0.0
3.03,3.0,-0.029999999999999805
2.8,3.0,0.20000000000000018
1.1,1.0,-0.10000000000000009
4.19,4.0,-0.1900000000000004
4.05,4.0,-0.04999999999999982
2.01,2.0,-0.009999999999999787
1.0,1.0,0.0
2.0,2.0,0.0
35.01,35.0,-0.00999999999999801
3.01,3.0,-0.009999999999999787
2.0,2.0,0.0
0.99,1.0,0.010000000000000009
7.13,7.0,-0.1299999999999999
8.01,8.0,-0.009999999999999787
195.37,193.0,-2.3700000000000045
21.86,22.0,0.14000000000000057
3.05,3.0,-0.04999999999999982
2.0,2.0,0.0
2.21,2.0,-0.20999999999999996
5.03,5.0,-0.03000000000000025
1.0,1.0,0.0
1.99,2.0,0.010000000000000009
0.0,0.0,0.0
1.7,2.0,0.30000000000000004
0.0,0.0,0.0
1.0,1.0,0.0
1.0,1.0,0.0
0.0,0.0,0.0
0.0,0.0,0.0
22.95,23.0,0.05000000000000071
1.99,2.0,0.010000000000000009
8.97,9.0,0.02999999999999936
0.0,0.0,0.0
47.74,47.0,-0.740000000000002
12.06,12.0,-0.0600000000000005
2.03,2.0,-0.029999999999999805
1.0,1.0,0.0
1.0,1.0,0.0
126.03,126.0,-0.030000000000001137
0.0,0.0,0.0
2.0,2.0,0.0
17.03,17.0,-0.030000000000001137
2.0,2.0,0.0
1.0,1.0,0.0
6.05,6.0,-0.04999999999999982
6.08,6.0,-0.08000000000000007
0.0,0.0,0.0
0.0,0.0,0.0
1.99,2.0,0.010000000000000009
0.0,0.0,0.0
8.99,9.0,0.009999999999999787
3.98,4.0,0.020000000000000018
7.98,8.0,0.019999999999999574
2.01,2.0,-0.009999999999999787
30.87,31.0,0.129999999999999
28.11,28.0,-0.10999999999999943
0.0,0.0,0.0
2.92,3.0,0.08000000000000007
1.0,1.0,0.0
1.0,1.0,0.0
3.14,3.0,-0.14000000000000012
3.0,3.0,0.0
0.0,0.0,0.0
17.78,18.0,0.21999999999999886
2.93,3.0,0.06999999999999984
2.01,2.0,-0.009999999999999787
1.0,1.0,0.0
1.0,1.0,0.0
5.01,5.0,-0.009999999999999787
2.96,3.0,0.040000000000000036
0.0,0.0,0.0
15.02,15.0,-0.019999999999999574
14.26,14.0,-0.2599999999999998
2.08,2.0,-0.08000000000000007
1.0,1.0,0.0
0.0,0.0,0.0
3.02,3.0,-0.020000000000000018
3.0,3.0,0.0
12.08,12.0,-0.08000000000000007
10.05,10.0,-0.05000000000000071
0.0,0.0,0.0
0.0,0.0,0.0
0.0,0.0,0.0
1.01,1.0,-0.010000000000000009
9.0,9.0,0.0
3.03,3.0,-0.029999999999999805
3.0,3.0,0.0
5.03,5.0,-0.03000000000000025
8.24,8.0,-0.2400000000000002
36.03,36.0,-0.030000000000001137
76.27,76.0,-0.269999999999996
1.0,1.0,0.0
2.02,2.0,-0.020000000000000018
2.85,3.0,0.1499999999999999
4.0,4.0,0.0
6.94,7.0,0.05999999999999961
1.97,2.0,0.030000000000000027
29.23,29.0,-0.23000000000000043
7.23,7.0,-0.23000000000000043
1.0,1.0,0.0
8.05,8.0,-0.05000000000000071
5.08,5.0,-0.08000000000000007
4.0,4.0,0.0
6.08,6.0,-0.08000000000000007
2.06,2.0,-0.06000000000000005
0.0,0.0,0.0
3.01,3.0,-0.009999999999999787
58.45,59.0,0.5499999999999972
1.0,1.0,0.0
3.36,3.0,-0.3599999999999999
7.0,7.0,0.0
2.99,3.0,0.009999999999999787
0.0,0.0,0.0
8.0,8.0,0.0
2.0,2.0,0.0
0.0,0.0,0.0
8.13,8.0,-0.13000000000000078
1.0,1.0,0.0
1.05,1.0,-0.050000000000000044
55.7,56.0,0.29999999999999716
7.0,7.0,0.0
3.13,3.0,-0.1299999999999999
3.04,3.0,-0.040000000000000036
2.0,2.0,0.0
3.96,4.0,0.040000000000000036
2.0,2.0,0.0
1.0,1.0,0.0
24.04,24.0,-0.03999999999999915
2.0,2.0,0.0
3.99,4.0,0.009999999999999787
3.0,3.0,0.0
1.0,1.0,0.0
8.87,9.0,0.13000000000000078
0.99,1.0,0.010000000000000009
1.02,1.0,-0.020000000000000018
3.01,3.0,-0.009999999999999787
4.98,5.0,0.019999999999999574
13.0,13.0,0.0
2.02,2.0,-0.020000000000000018
63.64,63.0,-0.6400000000000006
13.03,13.0,-0.02999999999999936
14.75,15.0,0.25
4.0,4.0,0.0
0.0,0.0,0.0
1.0,1.0,0.0
2.99,3.0,0.009999999999999787
4.09,4.0,-0.08999999999999986
3.96,4.0,0.040000000000000036
4.98,5.0,0.019999999999999574
2.01,2.0,-0.009999999999999787
0.0,0.0,0.0
5.05,5.0,-0.04999999999999982
2.01,2.0,-0.009999999999999787
0.0,0.0,0.0
3.98,4.0,0.020000000000000018
1.0,1.0,0.0
4.47,5.0,0.5300000000000002
1.01,1.0,-0.010000000000000009
1.0,1.0,0.0
3.01,3.0,-0.009999999999999787
4.99,5.0,0.009999999999999787
0.0,0.0,0.0
1.98,2.0,0.020000000000000018
7.95,8.0,0.04999999999999982
86.02,88.0,1.980000000000004
9.94,10.0,0.0600000000000005
92.93,95.0,2.069999999999993
10.97,11.0,0.02999999999999936
1.0,1.0,0.0
2.95,3.0,0.04999999999999982
1.0,1.0,0.0
0.0,0.0,0.0
12.96,13.0,0.03999999999999915
2.0,2.0,0.0
1.0,1.0,0.0
1.0,1.0,0.0
7.05,7.0,-0.04999999999999982
3.99,4.0,0.009999999999999787
1.02,1.0,-0.020000000000000018
2.01,2.0,-0.009999999999999787
1.04,1.0,-0.040000000000000036
9.94,10.0,0.0600000000000005
4.99,5.0,0.009999999999999787
1.0,1.0,0.0
2.0,2.0,0.0
6.01,6.0,-0.009999999999999787
79.99,80.0,0.010000000000005116
3.02,3.0,-0.020000000000000018
0.0,0.0,0.0
4.0,4.0,0.0
1.0,1.0,0.0
42.72,43.0,0.28000000000000114
2.0,2.0,0.0
0.0,0.0,0.0
7.98,8.0,0.019999999999999574
2.86,3.0,0.14000000000000012
1.0,1.0,0.0
2.09,2.0,-0.08999999999999986
2.0,2.0,0.0
28.96,29.0,0.03999999999999915
15.85,16.0,0.15000000000000036
9.03,9.0,-0.02999999999999936
3.0,3.0,0.0
1.0,1.0,0.0
98.52,82.0,-16.519999999999996
12.56,11.0,-1.5600000000000005
3.18,3.0,-0.18000000000000016
18.26,18.0,-0.26000000000000156
1.14,1.0,-0.1399999999999999
15.1,15.0,-0.09999999999999964
1.99,2.0,0.010000000000000009
5.6,5.0,-0.5999999999999996
4.0,4.0,0.0
26.02,24.0,-2.0199999999999996
4.01,4.0,-0.009999999999999787
1.95,2.0,0.050000000000000044
11.99,12.0,0.009999999999999787
9.0,9.0,0.0
9.01,9.0,-0.009999999999999787
2.94,3.0,0.06000000000000005
13.95,14.0,0.05000000000000071
0.0,0.0,0.0
10.22,10.0,-0.22000000000000064
10.82,11.0,0.17999999999999972
7.96,8.0,0.040000000000000036
14.09,14.0,-0.08999999999999986
10.98,11.0,0.019999999999999574
2.01,2.0,-0.009999999999999787
8.0,8.0,0.0
4.01,4.0,-0.009999999999999787
2.0,2.0,0.0
4.99,5.0,0.009999999999999787
3.88,4.0,0.1200000000000001
10.9,11.0,0.09999999999999964
1.99,2.0,0.010000000000000009
0.0,0.0,0.0
3.01,3.0,-0.009999999999999787
11.1,11.0,-0.09999999999999964
14.03,14.0,-0.02999999999999936
22.97,23.0,0.030000000000001137
9.97,10.0,0.02999999999999936
1.0,1.0,0.0
5.94,6.0,0.05999999999999961
8.86,9.0,0.14000000000000057
5.98,6.0,0.019999999999999574
4.01,4.0,-0.009999999999999787
10.02,10.0,-0.019999999999999574
11.13,11.0,-0.13000000000000078
11.92,12.0,0.08000000000000007
17.12,17.0,-0.120000000000001
10.0,10.0,0.0
1.0,1.0,0.0
5.02,5.0,-0.019999999999999574
22.82,23.0,0.17999999999999972
25.11,25.0,-0.10999999999999943
2.0,2.0,0.0
11.99,12.0,0.009999999999999787
1.01,1.0,-0.010000000000000009
1222.91,1229.0,6.089999999999918
4.89,5.0,0.11000000000000032
1.0,1.0,0.0
3.06,3.0,-0.06000000000000005
7.04,7.0,-0.040000000000000036
2.0,2.0,0.0
4.02,4.0,-0.019999999999999574
15.09,15.0,-0.08999999999999986
6.03,6.0,-0.03000000000000025
5.96,6.0,0.040000000000000036
5.89,6.0,0.11000000000000032
11.0,11.0,0.0
10.08,10.0,-0.08000000000000007
6.0,6.0,0.0
1.01,1.0,-0.010000000000000009
7.0,7.0,0.0
2.02,2.0,-0.020000000000000018
5.02,5.0,-0.019999999999999574
24.87,25.0,0.129999999999999
17.87,18.0,0.129999999999999
13.83,14.0,0.16999999999999993
6.01,6.0,-0.009999999999999787
2.0,2.0,0.0
6.01,6.0,-0.009999999999999787
0.0,0.0,0.0
17.17,17.0,-0.1700000000000017
3.82,4.0,0.18000000000000016
13.12,13.0,-0.11999999999999922
13.05,13.0,-0.05000000000000071
8.14,8.0,-0.14000000000000057
10.12,10.0,-0.11999999999999922
2.0,2.0,0.0
1.02,1.0,-0.020000000000000018
3.01,3.0,-0.009999999999999787
11.94,12.0,0.0600000000000005
5.01,5.0,-0.009999999999999787
8.97,9.0,0.02999999999999936
1.0,1.0,0.0
32.01,32.0,-0.00999999999999801
8.07,8.0,-0.07000000000000028
5.0,5.0,0.0
28.02,28.0,-0.019999999999999574
5.97,6.0,0.03000000000000025
20.3,20.0,-0.3000000000000007
21.85,22.0,0.14999999999999858
8.0,8.0,0.0
4.03,4.0,-0.03000000000000025
24.64,25.0,0.35999999999999943
1.0,1.0,0.0
5.07,5.0,-0.07000000000000028
12.85,13.0,0.15000000000000036
11.11,11.0,-0.10999999999999943
4.05,4.0,-0.04999999999999982
9.03,9.0,-0.02999999999999936
8.98,9.0,0.019999999999999574
13.04,13.0,-0.03999999999999915
14.28,14.0,-0.27999999999999936
13.26,13.0,-0.2599999999999998
10.08,10.0,-0.08000000000000007
5.91,6.0,0.08999999999999986
13.98,14.0,0.019999999999999574
234.42,224.0,-10.419999999999987
5.99,6.0,0.009999999999999787
4.04,4.0,-0.040000000000000036
4.06,4.0,-0.05999999999999961
2.01,2.0,-0.009999999999999787
2.0,2.0,0.0
3.93,4.0,0.06999999999999984
4.0,4.0,0.0
4.03,4.0,-0.03000000000000025
8.02,8.0,-0.019999999999999574
0.0,0.0,0.0
3.97,4.0,0.029999999999999805
0.0,0.0,0.0
8.01,8.0,-0.009999999999999787
8.0,8.0,0.0
2.01,2.0,-0.009999999999999787
2.9,3.0,0.10000000000000009
25.98,26.0,0.019999999999999574
6.02,6.0,-0.019999999999999574
9.29,9.0,-0.28999999999999915
14.27,14.0,-0.2699999999999996
17.2,17.0,-0.1999999999999993
9.81,10.0,0.1899999999999995
0.0,0.0,0.0
1.02,1.0,-0.020000000000000018
4.06,4.0,-0.05999999999999961
0.0,0.0,0.0
5.06,5.0,-0.05999999999999961
15.04,15.0,-0.03999999999999915
10.03,10.0,-0.02999999999999936
13.12,13.0,-0.11999999999999922
1.0,1.0,0.0
9.99,10.0,0.009999999999999787
32.1,31.0,-1.1000000000000014
8.91,9.0,0.08999999999999986
97.17,96.0,-1.1700000000000017
17.12,17.0,-0.120000000000001
14.52,15.0,0.4800000000000004
9.0,9.0,0.0
34.76,35.0,0.240000000000002
1.0,1.0,0.0
49.31,49.0,-0.3100000000000023
4.05,4.0,-0.04999999999999982
31.98,32.0,0.019999999999999574
8.91,9.0,0.08999999999999986
13.4,13.0,-0.40000000000000036
31.89,32.0,0.10999999999999943
64.11,64.0,-0.10999999999999943
114.09,113.0,-1.0900000000000034
71.06,72.0,0.9399999999999977
241.05,237.0,-4.050000000000011
79.08,79.0,-0.0799999999999983
10.03,10.0,-0.02999999999999936
119.98,120.0,0.01999999999999602
108.66,108.0,-0.6599999999999966
10.93,11.0,0.07000000000000028
44.76,45.0,0.240000000000002
6.13,6.0,-0.1299999999999999
200.0,207.0,7.0
18.88,19.0,0.120000000000001
26.85,27.0,0.14999999999999858
18.73,19.0,0.2699999999999996
6.9,7.0,0.09999999999999964
91.22,92.0,0.7800000000000011
6.91,7.0,0.08999999999999986
6.97,7.0,0.03000000000000025
45.72,46.0,0.28000000000000114
11.94,12.0,0.0600000000000005
17.23,17.0,-0.23000000000000043
9.04,9.0,-0.03999999999999915
2.05,2.0,-0.04999999999999982
57.8,57.0,-0.7999999999999972
10.03,10.0,-0.02999999999999936
9.86,10.0,0.14000000000000057
43.9,43.0,-0.8999999999999986
4.06,4.0,-0.05999999999999961
5.01,5.0,-0.009999999999999787
2.01,2.0,-0.009999999999999787
3.99,4.0,0.009999999999999787
103.71,104.0,0.29000000000000625
9.99,10.0,0.009999999999999787
7.0,7.0,0.0
0.0,0.0,0.0
8.01,8.0,-0.009999999999999787
17.91,18.0,0.08999999999999986
7.0,7.0,0.0
9.1,9.0,-0.09999999999999964
5.99,6.0,0.009999999999999787
22.08,22.0,-0.0799999999999983
7.02,7.0,-0.019999999999999574
11.0,11.0,0.0
7.23,7.0,-0.23000000000000043
1.05,1.0,-0.050000000000000044
5.16,5.0,-0.16000000000000014
6.13,6.0,-0.1299999999999999
4.08,4.0,-0.08000000000000007
2.02,2.0,-0.020000000000000018
33.05,33.0,-0.04999999999999716
5.0,5.0,0.0
1.99,2.0,0.010000000000000009
607.23,524.0,-83.23000000000002
1.01,1.0,-0.010000000000000009
12.07,12.0,-0.07000000000000028
11.92,12.0,0.08000000000000007
15.91,16.0,0.08999999999999986
24.79,25.0,0.21000000000000085
1.05,1.0,-0.050000000000000044
25.79,26.0,0.21000000000000085
3.0,3.0,0.0
6.69,6.0,-0.6900000000000004
16.02,16.0,-0.019999999999999574
5.99,6.0,0.009999999999999787
7.13,7.0,-0.1299999999999999
0.0,0.0,0.0
20.29,20.0,-0.28999999999999915
4.98,5.0,0.019999999999999574
5.97,6.0,0.03000000000000025
4.0,4.0,0.0
6.01,6.0,-0.009999999999999787
11.91,12.0,0.08999999999999986
5.06,5.0,-0.05999999999999961
6.92,7.0,0.08000000000000007
31.87,32.0,0.129999999999999
5.01,5.0,-0.009999999999999787
9.18,9.0,-0.17999999999999972
14.04,14.0,-0.03999999999999915
1.12,1.0,-0.1200000000000001
14.03,14.0,-0.02999999999999936
2.07,2.0,-0.06999999999999984
10.0,10.0,0.0
5.94,6.0,0.05999999999999961
6.02,6.0,-0.019999999999999574
7.76,8.0,0.2400000000000002
1.0,1.0,0.0
5.02,5.0,-0.019999999999999574
3.02,3.0,-0.020000000000000018
11.89,12.0,0.10999999999999943
1.09,1.0,-0.09000000000000008
4.96,5.0,0.040000000000000036
1.0,1.0,0.0
5.99,6.0,0.009999999999999787
3.0,3.0,0.0
19.89,20.0,0.10999999999999943
8.02,8.0,-0.019999999999999574
1.0,1.0,0.0
8.04,8.0,-0.03999999999999915
26.11,26.0,-0.10999999999999943
0.0,0.0,0.0
9.0,9.0,0.0
105.67,102.0,-3.6700000000000017
4.0,4.0,0.0
3.95,4.0,0.04999999999999982
24.17,24.0,-0.1700000000000017
10.97,11.0,0.02999999999999936
1.98,2.0,0.020000000000000018
0.0,0.0,0.0
8.87,9.0,0.13000000000000078
25.96,26.0,0.03999999999999915
10.0,10.0,0.0
0.0,0.0,0.0
14.65,15.0,0.34999999999999964
3.04,3.0,-0.040000000000000036
1.0,1.0,0.0
1.99,2.0,0.010000000000000009
6.05,6.0,-0.04999999999999982
11.14,11.0,-0.14000000000000057
5.04,5.0,-0.040000000000000036
4.98,5.0,0.019999999999999574
8.99,9.0,0.009999999999999787
2.0,2.0,0.0
20.27,20.0,-0.2699999999999996
9.28,9.0,-0.27999999999999936
6.91,7.0,0.08999999999999986
17.05,17.0,-0.05000000000000071
2.01,2.0,-0.009999999999999787
38.06,37.0,-1.0600000000000023
6.96,7.0,0.040000000000000036
4.13,4.0,-0.1299999999999999
6.02,6.0,-0.019999999999999574
3.92,4.0,0.08000000000000007
2.98,3.0,0.020000000000000018
3.97,4.0,0.029999999999999805
8.98,9.0,0.019999999999999574
161.18,165.0,3.819999999999993
9.85,10.0,0.15000000000000036
13.98,14.0,0.019999999999999574
6.0,6.0,0.0
18.09,18.0,-0.08999999999999986
4.02,4.0,-0.019999999999999574
8.99,9.0,0.009999999999999787
8.98,9.0,0.019999999999999574
10.03,10.0,-0.02999999999999936
21.03,21.0,-0.030000000000001137
41.76,42.0,0.240000000000002
32.63,33.0,0.36999999999999744
15.94,16.0,0.0600000000000005
10.01,10.0,-0.009999999999999787
60.1,59.0,-1.1000000000000014
69.67,67.0,-2.6700000000000017
6.99,7.0,0.009999999999999787
5.27,5.0,-0.2699999999999996
7.1,7.0,-0.09999999999999964
1.0,1.0,0.0
18.1,18.0,-0.10000000000000142
3.98,4.0,0.020000000000000018
21.02,21.0,-0.019999999999999574
17.08,17.0,-0.0799999999999983
1.0,1.0,0.0
5.01,5.0,-0.009999999999999787
4.99,5.0,0.009999999999999787
0.99,1.0,0.010000000000000009
179.45,154.0,-25.44999999999999
19.15,19.0,-0.14999999999999858
14.29,14.0,-0.28999999999999915
130.47,135.0,4.530000000000001
1.0,1.0,0.0
37.64,37.0,-0.6400000000000006
5.03,5.0,-0.03000000000000025
2.0,2.0,0.0
31.58,31.0,-0.5799999999999983
41.58,41.0,-0.5799999999999983
18.92,19.0,0.0799999999999983
0.0,0.0,0.0
0.98,1.0,0.020000000000000018
16.86,17.0,0.14000000000000057
2.01,2.0,-0.009999999999999787
10.0,10.0,0.0
23.21,23.0,-0.21000000000000085
1.0,1.0,0.0
14.95,15.0,0.05000000000000071
10.31,10.0,-0.3100000000000005
6.98,7.0,0.019999999999999574
4.28,4.0,-0.28000000000000025
12.94,13.0,0.0600000000000005
0.0,0.0,0.0
0.0,0.0,0.0
0.0,0.0,0.0
0.0,0.0,0.0
0.0,0.0,0.0
33.53,34.0,0.46999999999999886
3.01,3.0,-0.009999999999999787
2.99,3.0,0.009999999999999787
0.0,0.0,0.0
7.79,8.0,0.20999999999999996
44.48,45.0,0.5200000000000031
16.15,16.0,-0.14999999999999858
5.0,5.0,0.0
7.97,8.0,0.03000000000000025
2.99,3.0,0.009999999999999787
13.15,13.0,-0.15000000000000036
19.7,20.0,0.3000000000000007
2.0,2.0,0.0
2.0,2.0,0.0
6.94,7.0,0.05999999999999961
61.56,61.0,-0.5600000000000023
12.74,13.0,0.2599999999999998
6.01,6.0,-0.009999999999999787
3.0,3.0,0.0
0.98,1.0,0.020000000000000018
1.01,1.0,-0.010000000000000009
2.01,2.0,-0.009999999999999787
8.02,8.0,-0.019999999999999574
5.0,5.0,0.0
1091.42,1075.0,-16.420000000000073
374.57,381.0,6.430000000000007
7.03,7.0,-0.03000000000000025
27.82,27.0,-0.8200000000000003
24.19,24.0,-0.19000000000000128
271.75,264.0,-7.75
6.0,6.0,0.0
9.01,9.0,-0.009999999999999787
1.03,1.0,-0.030000000000000027
24.97,25.0,0.030000000000001137
5.02,5.0,-0.019999999999999574
20.08,20.0,-0.0799999999999983
6.98,7.0,0.019999999999999574
35.89,35.0,-0.8900000000000006
4.01,4.0,-0.009999999999999787
22.11,22.0,-0.10999999999999943
60.63,60.0,-0.6300000000000026
26.0,26.0,0.0
10.99,11.0,0.009999999999999787
0.0,0.0,0.0
23.04,23.0,-0.03999999999999915
5.0,5.0,0.0
36.96,37.0,0.03999999999999915
7.95,8.0,0.04999999999999982
46.61,47.0,0.39000000000000057
13.17,13.0,-0.16999999999999993
37.31,37.0,-0.3100000000000023
6.01,6.0,-0.009999999999999787
3.02,3.0,-0.020000000000000018
15.14,15.0,-0.14000000000000057
1.0,1.0,0.0
21.02,21.0,-0.019999999999999574
12.91,13.0,0.08999999999999986
9.13,9.0,-0.13000000000000078
6.0,6.0,0.0
7.05,7.0,-0.04999999999999982
0.0,0.0,0.0
2.0,2.0,0.0
9.9,10.0,0.09999999999999964
2.91,3.0,0.08999999999999986
8.98,9.0,0.019999999999999574
34.45,35.0,0.5499999999999972
222.32,227.0,4.680000000000007
22.82,23.0,0.17999999999999972
25.26,25.0,-0.26000000000000156
7.91,8.0,0.08999999999999986
8.21,8.0,-0.21000000000000085
8.98,9.0,0.019999999999999574
7.04,7.0,-0.040000000000000036
22.08,22.0,-0.0799999999999983
0.0,0.0,0.0
5.03,5.0,-0.03000000000000025
7.05,7.0,-0.04999999999999982
12.06,12.0,-0.0600000000000005
7.06,7.0,-0.05999999999999961
8.97,9.0,0.02999999999999936
10.01,10.0,-0.009999999999999787
22.62,22.0,-0.620000000000001
234.28,210.0,-24.28
7.03,7.0,-0.03000000000000025
5.0,5.0,0.0
2.98,3.0,0.020000000000000018
1.0,1.0,0.0
3.82,4.0,0.18000000000000016
12.02,12.0,-0.019999999999999574
10.03,10.0,-0.02999999999999936
19.02,19.0,-0.019999999999999574
5.99,6.0,0.009999999999999787
5.01,5.0,-0.009999999999999787
17.17,17.0,-0.1700000000000017
2.0,2.0,0.0
5.02,5.0,-0.019999999999999574
10.06,10.0,-0.0600000000000005
0.0,0.0,0.0
22.11,22.0,-0.10999999999999943
2.99,3.0,0.009999999999999787
14.85,15.0,0.15000000000000036
0.0,0.0,0.0
51.77,52.0,0.22999999999999687
7.98,8.0,0.019999999999999574
64.55,64.0,-0.5499999999999972
5.01,5.0,-0.009999999999999787
0.0,0.0,0.0
0.0,0.0,0.0
7.01,7.0,-0.009999999999999787
14.97,15.0,0.02999999999999936
18.38,18.0,-0.379999999999999
17.8,18.0,0.1999999999999993
23.27,23.0,-0.2699999999999996
255.18,259.0,3.819999999999993
11.04,11.0,-0.03999999999999915
9.78,10.0,0.22000000000000064
8.98,9.0,0.019999999999999574
68.03,67.0,-1.0300000000000011
50.12,49.0,-1.1199999999999974
20.94,21.0,0.05999999999999872
250.06,265.0,14.939999999999998
0.0,0.0,0.0
2.01,2.0,-0.009999999999999787
1.0,1.0,0.0
2.0,2.0,0.0
6.99,7.0,0.009999999999999787
58.52,60.0,1.4799999999999969
206.76,198.0,-8.759999999999991
2.0,2.0,0.0
14.16,14.0,-0.16000000000000014
8.98,9.0,0.019999999999999574
12.31,12.0,-0.3100000000000005
10.0,10.0,0.0
6.1,6.0,-0.09999999999999964
6.02,6.0,-0.019999999999999574
31.56,31.0,-0.5599999999999987
66.03,67.0,0.9699999999999989
6.98,7.0,0.019999999999999574
2.99,3.0,0.009999999999999787
25.76,26.0,0.23999999999999844
3.0,3.0,0.0
38.19,37.0,-1.1899999999999977
10.75,11.0,0.25
1.0,1.0,0.0
1.0,1.0,0.0
5.02,5.0,-0.019999999999999574
25.83,25.0,-0.8299999999999983
0.0,0.0,0.0
0.0,0.0,0.0
5.98,6.0,0.019999999999999574
9.02,9.0,-0.019999999999999574
17.97,18.0,0.030000000000001137
39.69,39.0,-0.6899999999999977
63.22,63.0,-0.21999999999999886
1.0,1.0,0.0
10.43,11.0,0.5700000000000003
31.89,32.0,0.10999999999999943
24.09,24.0,-0.08999999999999986
9.89,10.0,0.10999999999999943
7.01,7.0,-0.009999999999999787
171.26,160.0,-11.259999999999991
203.73,195.0,-8.72999999999999
15.84,16.0,0.16000000000000014
21.9,22.0,0.10000000000000142
10.98,11.0,0.019999999999999574
5.0,5.0,0.0
14.03,14.0,-0.02999999999999936
54.81,53.0,-1.8100000000000023
418.04,411.0,-7.0400000000000205
6.01,6.0,-0.009999999999999787
26.57,25.0,-1.5700000000000003
14.99,15.0,0.009999999999999787
2.21,2.0,-0.20999999999999996
23.62,24.0,0.379999999999999
2.99,3.0,0.009999999999999787
34.0,34.0,0.0
2.99,3.0,0.009999999999999787
0.0,0.0,0.0
7.21,7.0,-0.20999999999999996
4.01,4.0,-0.009999999999999787
4.99,5.0,0.009999999999999787
28.16,28.0,-0.16000000000000014
58.23,59.0,0.7700000000000031
16.01,16.0,-0.010000000000001563
10.03,10.0,-0.02999999999999936
5.96,6.0,0.040000000000000036
6.0,6.0,0.0
6.0,6.0,0.0
0.0,0.0,0.0
3.0,3.0,0.0
7.01,7.0,-0.009999999999999787
13.29,13.0,-0.28999999999999915
6.97,7.0,0.03000000000000025
24.0,24.0,0.0
31.81,32.0,0.19000000000000128
9.99,10.0,0.009999999999999787
9.02,9.0,-0.019999999999999574
7.06,7.0,-0.05999999999999961
7.01,7.0,-0.009999999999999787
52.6,52.0,-0.6000000000000014
14.22,14.0,-0.22000000000000064
15.85,16.0,0.15000000000000036
5.17,5.0,-0.16999999999999993
37.99,38.0,0.00999999999999801
7.98,8.0,0.019999999999999574
1.0,1.0,0.0
4.17,4.0,-0.16999999999999993
7.99,8.0,0.009999999999999787
4.0,4.0,0.0
472.17,531.0,58.829999999999984
28.16,28.0,-0.16000000000000014
10.04,10.0,-0.03999999999999915
1.0,1.0,0.0
8.97,9.0,0.02999999999999936
6.0,6.0,0.0
231.75,231.0,-0.75
6.0,6.0,0.0
67.85,66.0,-1.8499999999999943
5.0,5.0,0.0
9.07,9.0,-0.07000000000000028
2.01,2.0,-0.009999999999999787
2.91,3.0,0.08999999999999986
24.95,24.0,-0.9499999999999993
120.44,125.0,4.560000000000002
234.06,259.0,24.939999999999998
10.97,11.0,0.02999999999999936
20.95,21.0,0.05000000000000071
2.04,2.0,-0.040000000000000036
6.84,7.0,0.16000000000000014
41.37,43.0,1.6300000000000026
106.12,95.0,-11.120000000000005
25.55,25.0,-0.5500000000000007
0.0,0.0,0.0
2.0,2.0,0.0
21.04,21.0,-0.03999999999999915
92.01,92.0,-0.010000000000005116
0.0,0.0,0.0
1.0,1.0,0.0
4.99,5.0,0.009999999999999787
49.6,49.0,-0.6000000000000014
2.0,2.0,0.0
3.0,3.0,0.0
16.17,16.0,-0.1700000000000017
22.91,23.0,0.08999999999999986
11.94,12.0,0.0600000000000005
18.37,18.0,-0.370000000000001
16.1,16.0,-0.10000000000000142
4.01,4.0,-0.009999999999999787
224.67,229.0,4.3300000000000125
4.04,4.0,-0.040000000000000036
23.89,24.0,0.10999999999999943
32.69,32.0,-0.6899999999999977
17.2,17.0,-0.1999999999999993
34.81,34.0,-0.8100000000000023
12.93,13.0,0.07000000000000028
8.95,9.0,0.05000000000000071
0.0,0.0,0.0
6.01,6.0,-0.009999999999999787
11.08,11.0,-0.08000000000000007
3.0,3.0,0.0
11.04,11.0,-0.03999999999999915
0.0,0.0,0.0
52.09,53.0,0.9099999999999966
44.67,45.0,0.3299999999999983
7.07,7.0,-0.07000000000000028
26.59,26.0,-0.5899999999999999
153.87,97.0,-56.870000000000005
7.0,7.0,0.0
20.04,20.0,-0.03999999999999915
14.01,14.0,-0.009999999999999787
23.84,24.0,0.16000000000000014
21.02,21.0,-0.019999999999999574
1.0,1.0,0.0
1.98,2.0,0.020000000000000018
2.96,3.0,0.040000000000000036
63.55,63.0,-0.5499999999999972
0.0,0.0,0.0
42.09,42.0,-0.09000000000000341
16.74,17.0,0.26000000000000156
6.94,7.0,0.05999999999999961
215.74,212.0,-3.740000000000009
134.67,134.0,-0.6699999999999875
29.73,30.0,0.2699999999999996
31.14,31.0,-0.14000000000000057
243.93,252.0,8.069999999999993
33.7,34.0,0.29999999999999716
31.93,32.0,0.07000000000000028
26.91,27.0,0.08999999999999986
40.06,41.0,0.9399999999999977
346.85,320.0,-26.850000000000023
24.84,25.0,0.16000000000000014
44.91,45.0,0.09000000000000341
21.74,22.0,0.26000000000000156
70.46,71.0,0.5400000000000063
9.99,10.0,0.009999999999999787
30.63,30.0,-0.629999999999999
323.59,326.0,2.410000000000025
25.27,25.0,-0.2699999999999996
806.91,746.0,-60.90999999999997
12.04,12.0,-0.03999999999999915
30.21,30.0,-0.21000000000000085
25.03,25.0,-0.030000000000001137
29.45,30.0,0.5500000000000007
104.5,100.0,-4.5
24.64,25.0,0.35999999999999943
17.16,17.0,-0.16000000000000014
8.97,9.0,0.02999999999999936
6.99,7.0,0.009999999999999787
25.9,20.0,-5.899999999999999
321.7,322.0,0.30000000000001137
14.78,15.0,0.22000000000000064
15.01,15.0,-0.009999999999999787
6.04,6.0,-0.040000000000000036
76.27,76.0,-0.269999999999996
23.91,24.0,0.08999999999999986
6.05,6.0,-0.04999999999999982
48.79,48.0,-0.7899999999999991
10.49,11.0,0.5099999999999998
309.56,240.0,-69.56
88.63,89.0,0.37000000000000455
11.07,11.0,-0.07000000000000028
19.32,18.0,-1.3200000000000003
19.27,16.0,-3.2699999999999996
1.05,1.0,-0.050000000000000044
16.05,16.0,-0.05000000000000071
19.82,20.0,0.17999999999999972
97.87,95.0,-2.8700000000000045
257.02,260.0,2.980000000000018
345.19,310.0,-35.19
36.63,37.0,0.36999999999999744
16.04,16.0,-0.03999999999999915
25.06,25.0,-0.05999999999999872
72.54,69.0,-3.5400000000000063
22.36,22.0,-0.35999999999999943
91.98,92.0,0.01999999999999602
3.08,3.0,-0.08000000000000007
163.13,98.0,-65.13
17.96,17.0,-0.9600000000000009
44.66,43.0,-1.6599999999999966
52.8,52.0,-0.7999999999999972
48.93,48.0,-0.9299999999999997
22.08,22.0,-0.0799999999999983
24.14,24.0,-0.14000000000000057
52.02,52.0,-0.020000000000003126
46.65,47.0,0.3500000000000014
294.8,281.0,-13.800000000000011
52.75,53.0,0.25
16.99,17.0,0.010000000000001563
8.73,8.0,-0.7300000000000004
29.77,30.0,0.23000000000000043
18.15,18.0,-0.14999999999999858
71.84,72.0,0.1599999999999966
10.85,11.0,0.15000000000000036
38.56,39.0,0.4399999999999977
8.01,8.0,-0.009999999999999787
94.98,95.0,0.01999999999999602
88.21,89.0,0.7900000000000063
88.62,88.0,-0.6200000000000045
18.58,19.0,0.4200000000000017
51.77,52.0,0.22999999999999687
22.14,22.0,-0.14000000000000057
77.65,71.0,-6.650000000000006
18.28,18.0,-0.28000000000000114
83.5,83.0,-0.5
92.07,90.0,-2.069999999999993
44.62,45.0,0.38000000000000256
154.88,137.0,-17.879999999999995
161.83,167.0,5.1699999999999875
24.94,25.0,0.05999999999999872
26.76,27.0,0.23999999999999844
4.08,4.0,-0.08000000000000007
1.0,1.0,0.0
16.07,16.0,-0.07000000000000028
9.07,9.0,-0.07000000000000028
8.02,8.0,-0.019999999999999574
6.01,6.0,-0.009999999999999787
9.01,9.0,-0.009999999999999787
17.91,18.0,0.08999999999999986
18.93,19.0,0.07000000000000028
1.98,2.0,0.020000000000000018
8.02,8.0,-0.019999999999999574
15.13,15.0,-0.13000000000000078
3.25,3.0,-0.25
5.06,5.0,-0.05999999999999961
4.71,5.0,0.29000000000000004
3.1,3.0,-0.10000000000000009
1.0,1.0,0.0
3.0,3.0,0.0
2.0,2.0,0.0
8.04,8.0,-0.03999999999999915
0.0,0.0,0.0
7.0,7.0,0.0
7.95,8.0,0.04999999999999982
6.03,6.0,-0.03000000000000025
0.0,0.0,0.0
6.27,6.0,-0.2699999999999996
4.08,4.0,-0.08000000000000007
501.81,503.0,1.1899999999999977
21.02,21.0,-0.019999999999999574
3.02,3.0,-0.020000000000000018
17.53,18.0,0.46999999999999886
54.69,55.0,0.3100000000000023
1.99,2.0,0.010000000000000009
2.99,3.0,0.009999999999999787
3.0,3.0,0.0
3.0,3.0,0.0
9.94,10.0,0.0600000000000005
0.0,0.0,0.0
1.0,1.0,0.0
9.04,9.0,-0.03999999999999915
2.01,2.0,-0.009999999999999787
1.99,2.0,0.010000000000000009
33.88,34.0,0.11999999999999744
2.0,2.0,0.0
1.09,1.0,-0.09000000000000008
117.29,102.0,-15.290000000000006
224.4,225.0,0.5999999999999943
18.86,19.0,0.14000000000000057
2.96,3.0,0.040000000000000036
3.02,3.0,-0.020000000000000018
42.89,43.0,0.10999999999999943
9.04,9.0,-0.03999999999999915
7.02,7.0,-0.019999999999999574
1.0,1.0,0.0
62.04,61.0,-1.0399999999999991
17.8,18.0,0.1999999999999993
27.68,28.0,0.3200000000000003
25.9,26.0,0.10000000000000142
8.98,9.0,0.019999999999999574
1.07,1.0,-0.07000000000000006
1.0,1.0,0.0
25.76,26.0,0.23999999999999844
6.0,6.0,0.0
12.12,12.0,-0.11999999999999922
2.06,2.0,-0.06000000000000005
18.01,18.0,-0.010000000000001563
4.01,4.0,-0.009999999999999787
18.19,18.0,-0.19000000000000128
4.0,4.0,0.0
7.16,7.0,-0.16000000000000014
4.06,4.0,-0.05999999999999961
124.98,123.0,-1.980000000000004
12.94,13.0,0.0600000000000005
4.01,4.0,-0.009999999999999787
13.89,14.0,0.10999999999999943
1.02,1.0,-0.020000000000000018
2.04,2.0,-0.040000000000000036
13.92,14.0,0.08000000000000007
2.99,3.0,0.009999999999999787
0.0,0.0,0.0
5.98,6.0,0.019999999999999574
1.0,1.0,0.0
8.02,8.0,-0.019999999999999574
2.03,2.0,-0.029999999999999805
1.99,2.0,0.010000000000000009
29.41,29.0,-0.41000000000000014
0.0,0.0,0.0
0.0,0.0,0.0
0.0,0.0,0.0
11.05,11.0,-0.05000000000000071
1.0,1.0,0.0
10.08,10.0,-0.08000000000000007
11.95,12.0,0.05000000000000071
21.03,21.0,-0.030000000000001137
9.6,9.0,-0.5999999999999996
18.95,19.0,0.05000000000000071
14.97,15.0,0.02999999999999936
8.01,8.0,-0.009999999999999787
4.0,4.0,0.0
15.12,15.0,-0.11999999999999922
80.88,77.0,-3.8799999999999955
1.0,1.0,0.0
13.06,13.0,-0.0600000000000005
2.95,3.0,0.04999999999999982
15.95,16.0,0.05000000000000071
4.02,4.0,-0.019999999999999574
5.0,5.0,0.0
22.27,22.0,-0.2699999999999996
48.74,49.0,0.259999999999998
0.0,0.0,0.0
26.99,27.0,0.010000000000001563
1.0,1.0,0.0
0.0,0.0,0.0
6.04,6.0,-0.040000000000000036
2.99,3.0,0.009999999999999787
12.84,13.0,0.16000000000000014
1.31,2.0,0.69
32.87,32.0,-0.8699999999999974
184.22,177.0,-7.219999999999999
45.88,46.0,0.11999999999999744
9.88,10.0,0.11999999999999922
30.46,31.0,0.5399999999999991
26.25,26.0,-0.25
9.97,10.0,0.02999999999999936
121.33,118.0,-3.3299999999999983
0.0,0.0,0.0
0.0,0.0,0.0
89.92,84.0,-5.920000000000002
43.97,44.0,0.030000000000001137
1.0,1.0,0.0
1.0,1.0,0.0
0.0,0.0,0.0
0.0,0.0,0.0
4.98,5.0,0.019999999999999574
1.08,1.0,-0.08000000000000007
15.88,15.0,-0.8800000000000008
1.02,1.0,-0.020000000000000018
11.94,12.0,0.0600000000000005
37.56,37.0,-0.5600000000000023
13.16,13.0,-0.16000000000000014
0.0,0.0,0.0
53.74,53.0,-0.740000000000002
19.86,20.0,0.14000000000000057
37.96,38.0,0.03999999999999915
0.0,0.0,0.0
8.01,8.0,-0.009999999999999787
86.37,83.0,-3.3700000000000045
0.0,0.0,0.0
1.0,1.0,0.0
34.96,34.0,-0.9600000000000009
1.0,1.0,0.0
7.88,8.0,0.1200000000000001
7.02,7.0,-0.019999999999999574
96.86,95.0,-1.8599999999999994
5.0,5.0,0.0
1.99,2.0,0.010000000000000009
1.0,1.0,0.0
2.85,3.0,0.1499999999999999
4.01,4.0,-0.009999999999999787
13.7,16.0,2.3000000000000007
12.93,13.0,0.07000000000000028
40.56,41.0,0.4399999999999977
17.16,17.0,-0.16000000000000014
15.7,16.0,0.3000000000000007
24.96,32.0,7.039999999999999
32.54,33.0,0.46000000000000085
5.99,6.0,0.009999999999999787
6.0,6.0,0.0
0.0,0.0,0.0
96.74,97.0,0.2600000000000051
14.04,14.0,-0.03999999999999915
31.47,31.0,-0.46999999999999886
17.33,17.0,-0.3299999999999983
2.22,3.0,0.7799999999999998
11.95,12.0,0.05000000000000071
0.0,0.0,0.0
39.73,40.0,0.2700000000000031
3.18,4.0,0.8199999999999998
79.44,78.0,-1.4399999999999977
1.04,1.0,-0.040000000000000036
0.0,0.0,0.0
18.08,18.0,-0.0799999999999983
5.99,6.0,0.009999999999999787
8.06,8.0,-0.0600000000000005
1.01,1.0,-0.010000000000000009
0.0,0.0,0.0
552.52,624.0,71.48000000000002
5.02,5.0,-0.019999999999999574
4.03,4.0,-0.03000000000000025
0.0,0.0,0.0
8.02,8.0,-0.019999999999999574
10.06,10.0,-0.0600000000000005
8.97,9.0,0.02999999999999936
24.09,24.0,-0.08999999999999986
6.98,7.0,0.019999999999999574
38.32,39.0,0.6799999999999997
0.0,0.0,0.0
1.0,1.0,0.0
12.9,13.0,0.09999999999999964
1.99,2.0,0.010000000000000009
389.1,400.0,10.899999999999977
8.01,8.0,-0.009999999999999787
45.65,46.0,0.3500000000000014
10.06,10.0,-0.0600000000000005
11.94,12.0,0.0600000000000005
1.09,1.0,-0.09000000000000008
10.11,10.0,-0.10999999999999943
11.88,12.0,0.11999999999999922
5.08,5.0,-0.08000000000000007
19.04,19.0,-0.03999999999999915
39.32,39.0,-0.3200000000000003
13.99,14.0,0.009999999999999787
1.24,2.0,0.76
8.85,9.0,0.15000000000000036
3.16,3.0,-0.16000000000000014
9.9,10.0,0.09999999999999964
3.48,3.0,-0.48
25.03,25.0,-0.030000000000001137
17.85,18.0,0.14999999999999858
11.55,13.0,1.4499999999999993
6.93,7.0,0.07000000000000028
8.99,9.0,0.009999999999999787
22.0,22.0,0.0
9.1,9.0,-0.09999999999999964
1.0,1.0,0.0
1.05,1.0,-0.050000000000000044
3.05,3.0,-0.04999999999999982
8.79,9.0,0.21000000000000085
292.9,297.0,4.100000000000023
23.09,23.0,-0.08999999999999986
1.0,1.0,0.0
12.83,13.0,0.16999999999999993
10.26,11.0,0.7400000000000002
9.03,9.0,-0.02999999999999936
4.55,5.0,0.4500000000000002
10.98,11.0,0.019999999999999574
21.77,22.0,0.23000000000000043
4.0,4.0,0.0
47.6,47.0,-0.6000000000000014
1.13,1.0,-0.1299999999999999
23.66,24.0,0.33999999999999986
6.0,6.0,0.0
32.17,33.0,0.8299999999999983
2.0,2.0,0.0
7.02,7.0,-0.019999999999999574
0.0,0.0,0.0
8.97,9.0,0.02999999999999936
0.0,0.0,0.0
54.43,55.0,0.5700000000000003
12.86,13.0,0.14000000000000057
22.24,22.0,-0.23999999999999844
4.83,5.0,0.16999999999999993
0.0,0.0,0.0
25.1,25.0,-0.10000000000000142
4.0,4.0,0.0
4.0,4.0,0.0
1.0,1.0,0.0
2.0,2.0,0.0
94.06,96.0,1.9399999999999977
26.81,27.0,0.19000000000000128
9.95,10.0,0.05000000000000071
0.0,0.0,0.0
2.0,2.0,0.0
3.02,3.0,-0.020000000000000018
14.11,14.0,-0.10999999999999943
15.0,15.0,0.0
6.36,7.0,0.6399999999999997
13.97,14.0,0.02999999999999936
8.89,9.0,0.10999999999999943
2.99,3.0,0.009999999999999787
3.03,3.0,-0.029999999999999805
63.03,63.0,-0.030000000000001137
47.37,45.0,-2.3699999999999974
11.1,11.0,-0.09999999999999964
8.22,8.0,-0.22000000000000064
40.27,40.0,-0.2700000000000031
10.02,10.0,-0.019999999999999574
275.84,271.0,-4.839999999999975
15.02,15.0,-0.019999999999999574
5.99,6.0,0.009999999999999787
23.18,23.0,-0.17999999999999972
1.0,1.0,0.0
74.5,89.0,14.5
2.01,2.0,-0.009999999999999787
2.01,2.0,-0.009999999999999787
32.16,30.0,-2.1599999999999966
2.0,2.0,0.0
7.14,7.0,-0.13999999999999968
4.16,4.0,-0.16000000000000014
12.0,12.0,0.0
1.01,1.0,-0.010000000000000009
3.06,3.0,-0.06000000000000005
2.01,2.0,-0.009999999999999787
9.04,9.0,-0.03999999999999915
11.99,12.0,0.009999999999999787
3.02,3.0,-0.020000000000000018
10.05,10.0,-0.05000000000000071
63.36,65.0,1.6400000000000006
4.01,4.0,-0.009999999999999787
304.05,303.0,-1.0500000000000114
23.88,24.0,0.120000000000001
34.35,34.0,-0.3500000000000014
1.0,1.0,0.0
5.0,5.0,0.0
431.57,435.0,3.430000000000007
4.0,4.0,0.0
10.09,10.0,-0.08999999999999986
99.15,100.0,0.8499999999999943
25.97,26.0,0.030000000000001137
10.18,10.0,-0.17999999999999972
18.08,18.0,-0.0799999999999983
17.25,17.0,-0.25
3.11,3.0,-0.10999999999999988
7.05,7.0,-0.04999999999999982
13.98,14.0,0.019999999999999574
42.55,43.0,0.45000000000000284
6.99,7.0,0.009999999999999787
39.44,40.0,0.5600000000000023
11.01,11.0,-0.009999999999999787
135.95,136.0,0.05000000000001137
73.76,72.0,-1.7600000000000051
2.0,2.0,0.0
1.0,1.0,0.0
2.0,2.0,0.0
14.0,14.0,0.0
5.02,5.0,-0.019999999999999574
32.2,32.0,-0.20000000000000284
2.99,3.0,0.009999999999999787
72.76,71.0,-1.7600000000000051
33.19,34.0,0.8100000000000023
9.07,9.0,-0.07000000000000028
1.0,1.0,0.0
5.85,6.0,0.15000000000000036
53.75,59.0,5.25
6.98,7.0,0.019999999999999574
70.24,73.0,2.760000000000005
26.01,26.0,-0.010000000000001563
9.06,9.0,-0.0600000000000005
16.75,17.0,0.25
15.04,15.0,-0.03999999999999915
24.64,25.0,0.35999999999999943
10.14,10.0,-0.14000000000000057
97.01,97.0,-0.010000000000005116
86.96,83.0,-3.9599999999999937
3.08,3.0,-0.08000000000000007
1.0,1.0,0.0
0.0,0.0,0.0
1.0,1.0,0.0
14.96,15.0,0.03999999999999915
6.07,6.0,-0.07000000000000028
6.02,6.0,-0.019999999999999574
6.04,6.0,-0.040000000000000036
15.24,15.0,-0.2400000000000002
67.63,68.0,0.37000000000000455
180.78,196.0,15.219999999999999
9.0,9.0,0.0
5.04,5.0,-0.040000000000000036
7.06,7.0,-0.05999999999999961
17.16,17.0,-0.16000000000000014
9.03,9.0,-0.02999999999999936
4.0,4.0,0.0
19.83,20.0,0.1700000000000017
13.22,13.0,-0.22000000000000064
5.0,5.0,0.0
4.98,5.0,0.019999999999999574
4.84,5.0,0.16000000000000014
7.05,7.0,-0.04999999999999982
10.04,10.0,-0.03999999999999915
4.0,4.0,0.0
6.07,6.0,-0.07000000000000028
94.92,99.0,4.079999999999998
1.0,1.0,0.0
5.57,6.0,0.4299999999999997
11.84,12.0,0.16000000000000014
0.99,1.0,0.010000000000000009
1.0,1.0,0.0
22.38,23.0,0.620000000000001
2.0,2.0,0.0
5.98,6.0,0.019999999999999574
13.02,13.0,-0.019999999999999574
11.97,12.0,0.02999999999999936
4.97,5.0,0.03000000000000025
123.12,137.0,13.879999999999995
16.97,17.0,0.030000000000001137
8.03,8.0,-0.02999999999999936
9.0,9.0,0.0
3.95,4.0,0.04999999999999982
2.0,2.0,0.0
1.0,1.0,0.0
9.13,9.0,-0.13000000000000078
70.18,74.0,3.819999999999993
4.0,4.0,0.0
14.36,15.0,0.6400000000000006
4.03,4.0,-0.03000000000000025
3.05,3.0,-0.04999999999999982
4.04,4.0,-0.040000000000000036
4.0,4.0,0.0
3.02,3.0,-0.020000000000000018
7.77,8.0,0.23000000000000043
53.73,55.0,1.2700000000000031
10.01,10.0,-0.009999999999999787
243.7,233.0,-10.699999999999989
33.27,33.0,-0.2700000000000031
11.93,12.0,0.07000000000000028
14.96,16.0,1.0399999999999991
1.0,1.0,0.0
0.0,0.0,0.0
1.0,1.0,0.0
4.06,4.0,-0.05999999999999961
17.38,17.0,-0.379999999999999
6.93,7.0,0.07000000000000028
2.99,3.0,0.009999999999999787
5.01,5.0,-0.009999999999999787
7.01,7.0,-0.009999999999999787
4.03,4.0,-0.03000000000000025
2.92,3.0,0.08000000000000007
12.74,13.0,0.2599999999999998
0.0,0.0,0.0
21.97,22.0,0.030000000000001137
1.0,1.0,0.0
3.11,3.0,-0.10999999999999988
3.91,4.0,0.08999999999999986
4.01,4.0,-0.009999999999999787
10.98,11.0,0.019999999999999574
3.35,3.0,-0.3500000000000001
8.0,8.0,0.0
19.69,20.0,0.3099999999999987
127.7,127.0,-0.7000000000000028
14.04,14.0,-0.03999999999999915
147.5,148.0,0.5
19.97,20.0,0.030000000000001137
9.96,10.0,0.03999999999999915
6.02,6.0,-0.019999999999999574
1.99,2.0,0.010000000000000009
2.0,2.0,0.0
15.42,15.0,-0.41999999999999993
3.95,4.0,0.04999999999999982
7.07,9.0,1.9299999999999997
4.02,4.0,-0.019999999999999574
15.91,16.0,0.08999999999999986
9.91,10.0,0.08999999999999986
6.66,7.0,0.33999999999999986
2.91,3.0,0.08999999999999986
1.97,2.0,0.030000000000000027
2.0,2.0,0.0
20.31,20.0,-0.3099999999999987
10.07,10.0,-0.07000000000000028
3.99,4.0,0.009999999999999787
10.98,11.0,0.019999999999999574
14.05,14.0,-0.05000000000000071
257.2,254.0,-3.1999999999999886
11.89,12.0,0.10999999999999943
4.03,4.0,-0.03000000000000025
1.98,2.0,0.020000000000000018
1.99,2.0,0.010000000000000009
3.05,3.0,-0.04999999999999982
55.7,56.0,0.29999999999999716
2.0,2.0,0.0
6.97,7.0,0.03000000000000025
12.87,13.0,0.13000000000000078
9.03,9.0,-0.02999999999999936
2.0,2.0,0.0
5.03,5.0,-0.03000000000000025
2.99,3.0,0.009999999999999787
2.02,2.0,-0.020000000000000018
51.15,52.0,0.8500000000000014
51.77,54.0,2.229999999999997
22.86,23.0,0.14000000000000057
5.22,5.0,-0.21999999999999975
7.23,7.0,-0.23000000000000043
375.05,297.0,-78.05000000000001
31.22,31.0,-0.21999999999999886
12.02,12.0,-0.019999999999999574
68.3,67.0,-1.2999999999999972
20.06,20.0,-0.05999999999999872
37.2,37.0,-0.20000000000000284
8.0,8.0,0.0
55.59,54.0,-1.5900000000000034
17.03,17.0,-0.030000000000001137
129.25,131.0,1.75
25.04,25.0,-0.03999999999999915
6.0,6.0,0.0
1.0,1.0,0.0
11.01,11.0,-0.009999999999999787
26.45,27.0,0.5500000000000007
24.72,25.0,0.28000000000000114
15.09,15.0,-0.08999999999999986
22.67,22.0,-0.6700000000000017
10.93,11.0,0.07000000000000028
32.09,32.0,-0.09000000000000341
0.0,0.0,0.0
20.22,20.0,-0.21999999999999886
12.15,12.0,-0.15000000000000036
3.0,3.0,0.0
3.99,4.0,0.009999999999999787
11.97,12.0,0.02999999999999936
3.03,3.0,-0.029999999999999805
3.04,3.0,-0.040000000000000036
11.95,12.0,0.05000000000000071
0.0,0.0,0.0
9.01,9.0,-0.009999999999999787
22.89,23.0,0.10999999999999943
4.98,5.0,0.019999999999999574
30.44,30.0,-0.4400000000000013
3.01,3.0,-0.009999999999999787
21.81,22.0,0.19000000000000128
43.58,44.0,0.4200000000000017
21.27,21.0,-0.2699999999999996
7.03,7.0,-0.03000000000000025
5.96,6.0,0.040000000000000036
15.98,16.0,0.019999999999999574
30.63,30.0,-0.629999999999999
22.58,22.0,-0.5799999999999983
6.01,6.0,-0.009999999999999787
31.25,31.0,-0.25
9.98,10.0,0.019999999999999574
24.12,24.0,-0.120000000000001
14.06,14.0,-0.0600000000000005
60.3,60.0,-0.29999999999999716
35.63,36.0,0.36999999999999744
7.94,8.0,0.05999999999999961
70.3,70.0,-0.29999999999999716
76.57,77.0,0.4300000000000068
54.31,54.0,-0.3100000000000023
5.99,6.0,0.009999999999999787
5.74,6.0,0.2599999999999998
24.24,24.0,-0.23999999999999844
104.09,105.0,0.9099999999999966
12.06,12.0,-0.0600000000000005
15.92,16.0,0.08000000000000007
21.98,23.0,1.0199999999999996
15.84,16.0,0.16000000000000014
1049.03,1016.0,-33.02999999999997
7.91,8.0,0.08999999999999986
6.96,7.0,0.040000000000000036
18.11,18.0,-0.10999999999999943
13.72,14.0,0.27999999999999936
18.01,18.0,-0.010000000000001563
14.01,14.0,-0.009999999999999787
7.67,9.0,1.33
8.01,8.0,-0.009999999999999787
35.22,35.0,-0.21999999999999886
5.99,6.0,0.009999999999999787
25.73,26.0,0.2699999999999996
15.94,16.0,0.0600000000000005
8.0,8.0,0.0
11.94,12.0,0.0600000000000005
6.95,7.0,0.04999999999999982
1.0,1.0,0.0
4.9,5.0,0.09999999999999964
16.09,16.0,-0.08999999999999986
9.99,10.0,0.009999999999999787
3.04,3.0,-0.040000000000000036
11.12,11.0,-0.11999999999999922
7.97,8.0,0.03000000000000025
32.43,32.0,-0.4299999999999997
39.4,39.0,-0.3999999999999986
74.81,75.0,0.18999999999999773
27.26,27.0,-0.26000000000000156
3.06,3.0,-0.06000000000000005
6.07,6.0,-0.07000000000000028
10.05,10.0,-0.05000000000000071
9.87,10.0,0.13000000000000078
10.73,11.0,0.2699999999999996
30.42,30.0,-0.4200000000000017
20.91,21.0,0.08999999999999986
36.28,36.0,-0.28000000000000114
0.0,0.0,0.0
17.22,17.0,-0.21999999999999886
113.56,114.0,0.4399999999999977
28.01,28.0,-0.010000000000001563
13.1,13.0,-0.09999999999999964
11.06,11.0,-0.0600000000000005
2.0,2.0,0.0
11.14,11.0,-0.14000000000000057
32.17,32.0,-0.1700000000000017
2.99,3.0,0.009999999999999787
214.44,196.0,-18.439999999999998
58.78,56.0,-2.780000000000001
5.99,6.0,0.009999999999999787
10.0,10.0,0.0
15.78,16.0,0.22000000000000064
16.0,16.0,0.0
32.45,33.0,0.5499999999999972
14.17,14.0,-0.16999999999999993
7.93,8.0,0.07000000000000028
17.78,18.0,0.21999999999999886
254.58,245.0,-9.580000000000013
15.19,15.0,-0.1899999999999995
11.94,12.0,0.0600000000000005
9.09,9.0,-0.08999999999999986
8.02,8.0,-0.019999999999999574
5.0,5.0,0.0
31.95,32.0,0.05000000000000071
5.0,5.0,0.0
3.87,4.0,0.1299999999999999
15.01,15.0,-0.009999999999999787
2.0,2.0,0.0
1.0,1.0,0.0
3.99,4.0,0.009999999999999787
22.86,23.0,0.14000000000000057
1269.53,1261.0,-8.529999999999973
68.57,68.0,-0.5699999999999932
0.0,0.0,0.0
6.99,7.0,0.009999999999999787
21.3,21.0,-0.3000000000000007
38.34,38.0,-0.3400000000000034
20.05,20.0,-0.05000000000000071
9.02,9.0,-0.019999999999999574
18.86,19.0,0.14000000000000057
30.6,31.0,0.3999999999999986
9.04,9.0,-0.03999999999999915
5.99,6.0,0.009999999999999787
1.01,1.0,-0.010000000000000009
25.04,25.0,-0.03999999999999915
6.01,6.0,-0.009999999999999787
13.03,13.0,-0.02999999999999936
11.04,11.0,-0.03999999999999915
4.0,4.0,0.0
13.21,13.0,-0.21000000000000085
23.93,24.0,0.07000000000000028
86.4,84.0,-2.4000000000000057
15.92,16.0,0.08000000000000007
20.6,21.0,0.3999999999999986
7.85,8.0,0.15000000000000036
9.0,9.0,0.0
8.8,9.0,0.1999999999999993
10.02,10.0,-0.019999999999999574
12.08,12.0,-0.08000000000000007
20.89,21.0,0.10999999999999943
8.12,8.0,-0.11999999999999922
6.87,7.0,0.1299999999999999
32.93,33.0,0.07000000000000028
17.03,17.0,-0.030000000000001137
10.97,11.0,0.02999999999999936
21.96,22.0,0.03999999999999915
21.39,21.0,-0.39000000000000057
8.92,9.0,0.08000000000000007
20.85,21.0,0.14999999999999858
22.06,22.0,-0.05999999999999872
74.47,73.0,-1.4699999999999989
45.57,45.0,-0.5700000000000003
107.3,107.0,-0.29999999999999716
34.99,35.0,0.00999999999999801
7.02,7.0,-0.019999999999999574
26.73,27.0,0.2699999999999996
18.76,19.0,0.23999999999999844
113.78,115.0,1.2199999999999989
9.82,10.0,0.17999999999999972
2.94,3.0,0.06000000000000005
156.18,157.0,0.8199999999999932
5.04,5.0,-0.040000000000000036
32.23,32.0,-0.22999999999999687
32.77,32.0,-0.7700000000000031
20.95,21.0,0.05000000000000071
71.78,69.0,-2.780000000000001
95.17,96.0,0.8299999999999983
144.93,143.0,-1.9300000000000068
119.68,121.0,1.3199999999999932
428.13,426.0,-2.1299999999999955
5.0,5.0,0.0
4.99,5.0,0.009999999999999787
63.24,63.0,-0.240000000000002
21.02,21.0,-0.019999999999999574
9.0,9.0,0.0
213.35,208.0,-5.349999999999994
92.53,93.0,0.46999999999999886
13.02,13.0,-0.019999999999999574
81.88,81.0,-0.8799999999999955
9.02,9.0,-0.019999999999999574
315.92,319.0,3.079999999999984
57.82,56.0,-1.8200000000000003
86.2,86.0,-0.20000000000000284
31.13,31.0,-0.129999999999999
17.9,18.0,0.10000000000000142
121.33,123.0,1.6700000000000017
4.0,4.0,0.0
14.99,15.0,0.009999999999999787
11.0,11.0,0.0
80.37,79.0,-1.3700000000000045
14.18,14.0,-0.17999999999999972
32.22,32.0,-0.21999999999999886
73.56,74.0,0.4399999999999977
76.41,75.0,-1.4099999999999966
208.03,209.0,0.9699999999999989
131.96,132.0,0.03999999999999204
378.84,384.0,5.160000000000025
864.42,883.0,18.58000000000004
21.5,21.0,-0.5
138.88,139.0,0.12000000000000455
126.52,127.0,0.480000000000004
272.93,272.0,-0.9300000000000068
49.92,48.0,-1.9200000000000017
68.23,69.0,0.769999999999996
249.28,247.0,-2.280000000000001
212.26,210.0,-2.259999999999991
1152.24,1148.0,-4.240000000000009
174.03,167.0,-7.030000000000001
9.95,10.0,0.05000000000000071
142.82,142.0,-0.8199999999999932
29.41,30.0,0.5899999999999999
213.63,215.0,1.3700000000000045
23.83,24.0,0.1700000000000017
159.36,164.0,4.639999999999986
28.15,28.0,-0.14999999999999858
144.61,144.0,-0.6100000000000136
771.98,766.0,-5.980000000000018
276.95,279.0,2.0500000000000114
93.62,92.0,-1.6200000000000045
279.95,281.0,1.0500000000000114
426.61,435.0,8.389999999999986
585.01,589.0,3.990000000000009
88.44,89.0,0.5600000000000023
239.37,256.0,16.629999999999995
558.51,571.0,12.490000000000009
258.7,254.0,-4.699999999999989
619.33,583.0,-36.33000000000004
505.34,523.0,17.660000000000025
76.22,77.0,0.7800000000000011
101.84,104.0,2.1599999999999966
32.06,32.0,-0.060000000000002274
3.05,3.0,-0.04999999999999982
53.98,55.0,1.0200000000000031
27.88,28.0,0.120000000000001
28.47,28.0,-0.46999999999999886
19.24,19.0,-0.23999999999999844
21.1,21.0,-0.10000000000000142
42.6,46.0,3.3999999999999986
40.16,40.0,-0.1599999999999966
13.23,13.0,-0.23000000000000043
21.52,22.0,0.4800000000000004
20.93,21.0,0.07000000000000028
2.08,2.0,-0.08000000000000007
5.2,5.0,-0.20000000000000018
5.0,5.0,0.0
9.98,10.0,0.019999999999999574
6.96,7.0,0.040000000000000036
49.34,51.0,1.6599999999999966
3.02,3.0,-0.020000000000000018
9.08,9.0,-0.08000000000000007
10.94,11.0,0.0600000000000005
34.6,34.0,-0.6000000000000014
11.85,12.0,0.15000000000000036
4.47,5.0,0.5300000000000002
42.79,43.0,0.21000000000000085
19.46,20.0,0.5399999999999991
0.0,0.0,0.0
12.09,12.0,-0.08999999999999986
35.93,36.0,0.07000000000000028
15.94,16.0,0.0600000000000005
6.07,6.0,-0.07000000000000028
19.03,19.0,-0.030000000000001137
815.82,872.0,56.17999999999995
54.47,56.0,1.5300000000000011
13.49,14.0,0.5099999999999998
31.29,31.0,-0.28999999999999915
25.41,26.0,0.5899999999999999
93.47,94.0,0.5300000000000011
13.16,13.0,-0.16000000000000014
6.98,7.0,0.019999999999999574
2.0,2.0,0.0
45.31,44.0,-1.3100000000000023
14.07,14.0,-0.07000000000000028
0.0,0.0,0.0
15.41,16.0,0.5899999999999999
1.99,2.0,0.010000000000000009
11.21,11.0,-0.21000000000000085
18.0,18.0,0.0
1.0,1.0,0.0
53.24,54.0,0.759999999999998
9.05,9.0,-0.05000000000000071
51.8,52.0,0.20000000000000284
335.06,344.0,8.939999999999998
527.76,502.0,-25.75999999999999
51.68,52.0,0.3200000000000003
8.98,9.0,0.019999999999999574
57.15,56.0,-1.1499999999999986
9.96,10.0,0.03999999999999915
0.0,0.0,0.0
47.87,48.0,0.13000000000000256
49.29,50.0,0.7100000000000009
36.09,37.0,0.9099999999999966
21.76,22.0,0.23999999999999844
7.87,8.0,0.1299999999999999
79.78,80.0,0.21999999999999886
17.0,17.0,0.0
2.0,2.0,0.0
19.99,20.0,0.010000000000001563
30.55,31.0,0.4499999999999993
7.95,8.0,0.04999999999999982
1.67,2.0,0.33000000000000007
10.9,11.0,0.09999999999999964
15.96,16.0,0.03999999999999915
4.94,5.0,0.05999999999999961
34.51,36.0,1.490000000000002
36.7,37.0,0.29999999999999716
22.53,24.0,1.4699999999999989
31.11,31.0,-0.10999999999999943
8.01,8.0,-0.009999999999999787
14.1,14.0,-0.09999999999999964
9.05,9.0,-0.05000000000000071
88.38,89.0,0.6200000000000045
6.09,6.0,-0.08999999999999986
9.99,10.0,0.009999999999999787
14.88,15.0,0.11999999999999922
2.0,2.0,0.0
9.0,9.0,0.0
411.61,408.0,-3.6100000000000136
24.08,24.0,-0.0799999999999983
13.21,13.0,-0.21000000000000085
51.77,52.0,0.22999999999999687
21.96,22.0,0.03999999999999915
14.19,14.0,-0.1899999999999995
0.0,0.0,0.0
21.98,22.0,0.019999999999999574
15.2,15.0,-0.1999999999999993
12.0,12.0,0.0
30.38,30.0,-0.379999999999999
1.0,1.0,0.0
11.04,11.0,-0.03999999999999915
3.92,4.0,0.08000000000000007
7.01,7.0,-0.009999999999999787
2.98,3.0,0.020000000000000018
22.0,22.0,0.0
12.91,13.0,0.08999999999999986
56.5,57.0,0.5
13.88,14.0,0.11999999999999922
10.09,10.0,-0.08999999999999986
4.99,5.0,0.009999999999999787
9.21,9.0,-0.21000000000000085
10.09,10.0,-0.08999999999999986
3.97,4.0,0.029999999999999805
14.86,15.0,0.14000000000000057
0.0,0.0,0.0
14.29,15.0,0.7100000000000009
62.16,63.0,0.8400000000000034
12.96,13.0,0.03999999999999915
13.72,14.0,0.27999999999999936
10.88,11.0,0.11999999999999922
18.92,19.0,0.0799999999999983
2.0,2.0,0.0
115.44,116.0,0.5600000000000023
10.01,10.0,-0.009999999999999787
1.0,1.0,0.0
11.02,11.0,-0.019999999999999574
0.0,0.0,0.0
14.04,14.0,-0.03999999999999915
0.0,0.0,0.0
71.28,71.0,-0.28000000000000114
413.39,390.0,-23.389999999999986
0.0,0.0,0.0
2.0,2.0,0.0
38.27,38.0,-0.2700000000000031
31.74,32.0,0.26000000000000156
6.97,7.0,0.03000000000000025
0.0,0.0,0.0
1.0,1.0,0.0
24.05,24.0,-0.05000000000000071
50.5,47.0,-3.5
216.25,214.0,-2.25
240.36,238.0,-2.3600000000000136
7.02,7.0,-0.019999999999999574
2.0,2.0,0.0
29.89,30.0,0.10999999999999943
0.0,0.0,0.0
14.07,14.0,-0.07000000000000028
458.98,452.0,-6.980000000000018
123.92,123.0,-0.9200000000000017
18.9,19.0,0.10000000000000142
7.04,7.0,-0.040000000000000036
17.93,18.0,0.07000000000000028
108.04,109.0,0.9599999999999937
15.21,15.0,-0.21000000000000085
598.89,621.0,22.110000000000014
65.43,66.0,0.5699999999999932
3.02,3.0,-0.020000000000000018
2.44,2.0,-0.43999999999999995
1.0,1.0,0.0
6.06,6.0,-0.05999999999999961
2.0,2.0,0.0
3.99,4.0,0.009999999999999787
8.98,9.0,0.019999999999999574
5.04,5.0,-0.040000000000000036
17.92,18.0,0.0799999999999983
26.61,27.0,0.39000000000000057
0.0,0.0,0.0
8.84,9.0,0.16000000000000014
15.08,15.0,-0.08000000000000007
62.01,62.0,-0.00999999999999801
141.82,140.0,-1.8199999999999932
1.99,2.0,0.010000000000000009
13.98,14.0,0.019999999999999574
187.77,187.0,-0.7700000000000102
64.1,64.0,-0.09999999999999432
75.18,73.0,-2.180000000000007
3.22,4.0,0.7799999999999998
11.0,11.0,0.0
694.73,732.0,37.26999999999998
2.0,2.0,0.0
0.0,0.0,0.0
20.1,20.0,-0.10000000000000142
98.0,97.0,-1.0
1.0,1.0,0.0
26.95,27.0,0.05000000000000071
0.0,0.0,0.0
17.79,18.0,0.21000000000000085
141.93,143.0,1.0699999999999932
5.03,5.0,-0.03000000000000025
12.89,13.0,0.10999999999999943
97.66,97.0,-0.6599999999999966
62.53,62.0,-0.5300000000000011
12.05,12.0,-0.05000000000000071
34.12,34.0,-0.11999999999999744
43.71,44.0,0.28999999999999915
237.2,236.0,-1.1999999999999886
19.95,20.0,0.05000000000000071
6.93,7.0,0.07000000000000028
353.72,358.0,4.279999999999973
205.85,191.0,-14.849999999999994
4.05,4.0,-0.04999999999999982
30.47,30.0,-0.46999999999999886
48.45,48.0,-0.45000000000000284
5.9,6.0,0.09999999999999964
97.71,97.0,-0.7099999999999937
47.47,48.0,0.5300000000000011
25.12,25.0,-0.120000000000001
18.0,18.0,0.0
8.88,9.0,0.11999999999999922
1.04,1.0,-0.040000000000000036
111.12,111.0,-0.12000000000000455
2.0,2.0,0.0
6.02,6.0,-0.019999999999999574
1.0,1.0,0.0
22.19,22.0,-0.19000000000000128
55.95,56.0,0.04999999999999716
15.91,16.0,0.08999999999999986
0.0,0.0,0.0
3.01,3.0,-0.009999999999999787
3.97,4.0,0.029999999999999805
0.0,0.0,0.0
11.05,11.0,-0.05000000000000071
1.03,1.0,-0.030000000000000027
43.93,44.0,0.07000000000000028
40.72,41.0,0.28000000000000114
12.08,12.0,-0.08000000000000007
74.38,74.0,-0.37999999999999545
14.98,15.0,0.019999999999999574
14.07,14.0,-0.07000000000000028
54.98,56.0,1.0200000000000031
7.12,7.0,-0.1200000000000001
9.07,9.0,-0.07000000000000028
4.0,4.0,0.0
130.62,127.0,-3.6200000000000045
18.01,18.0,-0.010000000000001563
20.98,21.0,0.019999999999999574
16.3,17.0,0.6999999999999993
20.74,21.0,0.26000000000000156
65.42,65.0,-0.4200000000000017
27.19,27.0,-0.19000000000000128
36.8,37.0,0.20000000000000284
23.8,24.0,0.1999999999999993
93.04,91.0,-2.0400000000000063
10.91,11.0,0.08999999999999986
1.43,2.0,0.5700000000000001
20.69,21.0,0.3099999999999987
17.97,18.0,0.030000000000001137
24.75,25.0,0.25
4.21,4.0,-0.20999999999999996
43.85,44.0,0.14999999999999858
69.07,70.0,0.9300000000000068
61.78,63.0,1.2199999999999989
28.79,29.0,0.21000000000000085
81.41,80.0,-1.4099999999999966
21.08,21.0,-0.0799999999999983
39.36,39.0,-0.35999999999999943
1356.92,1510.0,153.07999999999993
27.17,27.0,-0.1700000000000017
47.71,48.0,0.28999999999999915
99.55,99.0,-0.5499999999999972
40.59,40.0,-0.5900000000000034
138.93,152.0,13.069999999999993
629.61,633.0,3.3899999999999864
59.91,60.0,0.09000000000000341
13.99,14.0,0.009999999999999787
19.01,19.0,-0.010000000000001563
11.99,12.0,0.009999999999999787
32.78,33.0,0.21999999999999886
37.96,38.0,0.03999999999999915
7.01,7.0,-0.009999999999999787
14.0,14.0,0.0
24.51,25.0,0.48999999999999844
19.81,20.0,0.19000000000000128
51.83,51.0,-0.8299999999999983
58.75,59.0,0.25
108.33,110.0,1.6700000000000017
63.35,64.0,0.6499999999999986
41.09,41.0,-0.09000000000000341
29.65,30.0,0.3500000000000014
0.0,0.0,0.0
32.95,33.0,0.04999999999999716
23.77,24.0,0.23000000000000043
48.12,48.0,-0.11999999999999744
30.95,31.0,0.05000000000000071
6.03,6.0,-0.03000000000000025
11.89,12.0,0.10999999999999943
60.11,62.0,1.8900000000000006
23.3,23.0,-0.3000000000000007
12.91,13.0,0.08999999999999986
5.8,6.0,0.20000000000000018
7.0,7.0,0.0
15.2,15.0,-0.1999999999999993
7.13,7.0,-0.1299999999999999
42.83,43.0,0.1700000000000017
32.09,32.0,-0.09000000000000341
27.93,28.0,0.07000000000000028
9.04,9.0,-0.03999999999999915
37.71,37.0,-0.7100000000000009
1.0,1.0,0.0
55.09,55.0,-0.09000000000000341
32.76,33.0,0.240000000000002
15.9,16.0,0.09999999999999964
16.07,16.0,-0.07000000000000028
124.51,130.0,5.489999999999995
33.06,34.0,0.9399999999999977
401.57,411.0,9.430000000000007
12.03,12.0,-0.02999999999999936
48.89,49.0,0.10999999999999943
65.72,67.0,1.2800000000000011
60.33,61.0,0.6700000000000017
9.16,9.0,-0.16000000000000014
39.47,39.0,-0.46999999999999886
27.8,28.0,0.1999999999999993
48.72,49.0,0.28000000000000114
2.01,2.0,-0.009999999999999787
101.58,102.0,0.4200000000000017
13.97,14.0,0.02999999999999936
43.11,43.0,-0.10999999999999943
13.04,13.0,-0.03999999999999915
29.59,29.0,-0.5899999999999999
40.81,41.0,0.18999999999999773
34.75,35.0,0.25
37.79,38.0,0.21000000000000085
13.68,14.0,0.3200000000000003
5.0,5.0,0.0
97.2,92.0,-5.200000000000003
34.19,35.0,0.8100000000000023
5.91,6.0,0.08999999999999986
9.0,9.0,0.0
51.27,50.0,-1.2700000000000031
15.17,15.0,-0.16999999999999993
11.14,11.0,-0.14000000000000057
2.0,2.0,0.0
49.73,50.0,0.2700000000000031
34.17,34.0,-0.1700000000000017
1.0,1.0,0.0
10.99,11.0,0.009999999999999787
203.63,203.0,-0.6299999999999955
311.24,313.0,1.759999999999991
39.13,39.0,-0.13000000000000256
10.96,11.0,0.03999999999999915
21.12,21.0,-0.120000000000001
21.83,22.0,0.1700000000000017
18.76,19.0,0.23999999999999844
32.1,32.0,-0.10000000000000142
9.99,10.0,0.009999999999999787
8.03,8.0,-0.02999999999999936
23.43,23.0,-0.4299999999999997
9.98,10.0,0.019999999999999574
1.0,1.0,0.0
39.09,39.0,-0.09000000000000341
29.05,29.0,-0.05000000000000071
45.26,45.0,-0.259999999999998
10.11,10.0,-0.10999999999999943
97.27,100.0,2.730000000000004
172.69,171.0,-1.6899999999999977
20.41,20.0,-0.41000000000000014
10.0,10.0,0.0
9.01,9.0,-0.009999999999999787
0.0,0.0,0.0
5.0,5.0,0.0
7.01,7.0,-0.009999999999999787
4.0,4.0,0.0
25.77,26.0,0.23000000000000043
82.5,80.0,-2.5
7.03,7.0,-0.03000000000000025
31.73,32.0,0.2699999999999996
0.0,0.0,0.0
15.83,16.0,0.16999999999999993
3.03,3.0,-0.029999999999999805
9.02,9.0,-0.019999999999999574
35.97,36.0,0.030000000000001137
20.98,21.0,0.019999999999999574
28.25,27.0,-1.25
28.09,29.0,0.9100000000000001
11.1,11.0,-0.09999999999999964
14.04,14.0,-0.03999999999999915
26.35,27.0,0.6499999999999986
2.01,2.0,-0.009999999999999787
20.95,21.0,0.05000000000000071
32.69,33.0,0.3100000000000023
11.03,11.0,-0.02999999999999936
11.11,11.0,-0.10999999999999943
1.0,1.0,0.0
135.06,135.0,-0.060000000000002274
28.46,28.0,-0.46000000000000085
10.05,10.0,-0.05000000000000071
9.0,9.0,0.0
35.05,35.0,-0.04999999999999716
1.0,1.0,0.0
0.0,0.0,0.0
7.05,7.0,-0.04999999999999982
40.52,40.0,-0.5200000000000031
34.42,34.0,-0.4200000000000017
5.02,5.0,-0.019999999999999574
846.05,802.0,-44.049999999999955
305.94,302.0,-3.9399999999999977
16.02,16.0,-0.019999999999999574
45.51,46.0,0.490000000000002
3.0,3.0,0.0
48.35,49.0,0.6499999999999986
635.2,614.0,-21.200000000000045
6.96,7.0,0.040000000000000036
19.46,19.0,-0.46000000000000085
15.08,15.0,-0.08000000000000007
31.26,32.0,0.7399999999999984
4.98,5.0,0.019999999999999574
21.17,21.0,-0.1700000000000017
10.0,10.0,0.0
19.76,20.0,0.23999999999999844
10.97,11.0,0.02999999999999936
79.21,79.0,-0.20999999999999375
14.03,14.0,-0.02999999999999936
11.0,11.0,0.0
40.04,39.0,-1.0399999999999991
134.82,135.0,0.18000000000000682
20.05,20.0,-0.05000000000000071
17.08,17.0,-0.0799999999999983
19.81,20.0,0.19000000000000128
9.93,10.0,0.07000000000000028
53.15,53.0,-0.14999999999999858
8.99,9.0,0.009999999999999787
81.56,81.0,-0.5600000000000023
12.98,13.0,0.019999999999999574
39.58,40.0,0.4200000000000017
35.67,35.0,-0.6700000000000017
52.19,52.0,-0.18999999999999773
8.95,9.0,0.05000000000000071
34.97,35.0,0.030000000000001137
0.0,0.0,0.0
56.89,57.0,0.10999999999999943
1.0,1.0,0.0
11.95,12.0,0.05000000000000071
15.0,15.0,0.0
15.04,15.0,-0.03999999999999915
10.01,10.0,-0.009999999999999787
5.0,5.0,0.0
10.89,11.0,0.10999999999999943
22.96,23.0,0.03999999999999915
0.0,0.0,0.0
34.17,34.0,-0.1700000000000017
16.91,17.0,0.08999999999999986
11.96,12.0,0.03999999999999915
69.65,69.0,-0.6500000000000057
260.68,262.0,1.3199999999999932
39.53,40.0,0.46999999999999886
22.02,22.0,-0.019999999999999574
15.16,15.0,-0.16000000000000014
7.99,8.0,0.009999999999999787
49.94,50.0,0.060000000000002274
6.01,6.0,-0.009999999999999787
18.82,19.0,0.17999999999999972
24.95,25.0,0.05000000000000071
18.94,19.0,0.05999999999999872
2.0,2.0,0.0
20.39,21.0,0.6099999999999994
15.03,15.0,-0.02999999999999936
11.14,11.0,-0.14000000000000057
4.0,4.0,0.0
50.36,50.0,-0.35999999999999943
7.03,7.0,-0.03000000000000025
619.25,606.0,-13.25
5.01,5.0,-0.009999999999999787
8.98,9.0,0.019999999999999574
4.01,4.0,-0.009999999999999787
17.89,18.0,0.10999999999999943
4.61,5.0,0.3899999999999997
94.95,93.0,-1.9500000000000028
25.32,25.0,-0.3200000000000003
25.87,26.0,0.129999999999999
30.94,31.0,0.05999999999999872
5.03,5.0,-0.03000000000000025
22.27,22.0,-0.2699999999999996
12.94,13.0,0.0600000000000005
9.99,10.0,0.009999999999999787
12.01,12.0,-0.009999999999999787
40.18,40.0,-0.17999999999999972
53.14,53.0,-0.14000000000000057
24.34,25.0,0.6600000000000001
55.88,56.0,0.11999999999999744
19.09,18.0,-1.0899999999999999
30.82,31.0,0.17999999999999972
4.59,5.0,0.41000000000000014
70.06,69.0,-1.0600000000000023
31.2,31.0,-0.1999999999999993
5.0,5.0,0.0
11.01,11.0,-0.009999999999999787
91.32,90.0,-1.3199999999999932
19.25,19.0,-0.25
25.01,25.0,-0.010000000000001563
17.17,17.0,-0.1700000000000017
11.02,11.0,-0.019999999999999574
17.03,17.0,-0.030000000000001137
24.28,24.0,-0.28000000000000114
19.07,19.0,-0.07000000000000028
59.92,60.0,0.0799999999999983
68.61,69.0,0.39000000000000057
20.06,20.0,-0.05999999999999872
640.53,623.0,-17.529999999999973
1.62,2.0,0.3799999999999999
15.88,16.0,0.11999999999999922
11.05,11.0,-0.05000000000000071
10.02,10.0,-0.019999999999999574
98.53,98.0,-0.5300000000000011
85.21,86.0,0.7900000000000063
56.34,56.0,-0.3400000000000034
1240.17,1214.0,-26.170000000000073
16.63,16.0,-0.629999999999999
8.08,8.0,-0.08000000000000007
8.91,9.0,0.08999999999999986
45.32,45.0,-0.3200000000000003
20.05,20.0,-0.05000000000000071
8.03,8.0,-0.02999999999999936
121.46,118.0,-3.4599999999999937
2.83,3.0,0.16999999999999993
165.18,172.0,6.819999999999993
16.04,16.0,-0.03999999999999915
16.03,16.0,-0.030000000000001137
15.14,15.0,-0.14000000000000057
11.96,12.0,0.03999999999999915
28.17,28.0,-0.1700000000000017
8.86,9.0,0.14000000000000057
7.88,8.0,0.1200000000000001
19.08,19.0,-0.0799999999999983
56.69,56.0,-0.6899999999999977
102.81,105.0,2.1899999999999977
11.09,11.0,-0.08999999999999986
15.1,15.0,-0.09999999999999964
8.04,8.0,-0.03999999999999915
36.44,36.0,-0.4399999999999977
40.57,40.0,-0.5700000000000003
63.0,63.0,0.0
6.99,7.0,0.009999999999999787
14.02,14.0,-0.019999999999999574
25.73,26.0,0.2699999999999996
7.05,7.0,-0.04999999999999982
72.86,72.0,-0.8599999999999994
22.78,23.0,0.21999999999999886
32.98,33.0,0.020000000000003126
13.16,13.0,-0.16000000000000014
23.04,23.0,-0.03999999999999915
0.0,0.0,0.0
18.04,18.0,-0.03999999999999915
87.73,98.0,10.269999999999996
60.42,60.0,-0.4200000000000017
13.09,13.0,-0.08999999999999986
109.02,115.0,5.980000000000004
93.03,91.0,-2.030000000000001
117.3,120.0,2.700000000000003
28.89,29.0,0.10999999999999943
17.5,17.0,-0.5
38.13,38.0,-0.13000000000000256
202.84,203.0,0.1599999999999966
1070.33,1187.0,116.67000000000007
25.12,25.0,-0.120000000000001
61.57,59.0,-2.5700000000000003
22.63,23.0,0.370000000000001
34.19,34.0,-0.18999999999999773
84.49,84.0,-0.4899999999999949
678.99,614.0,-64.99000000000001
5.98,6.0,0.019999999999999574
110.7,113.0,2.299999999999997
70.48,70.0,-0.480000000000004
25.39,25.0,-0.39000000000000057
0.0,0.0,0.0
40.84,41.0,0.1599999999999966
35.47,35.0,-0.46999999999999886
22.66,23.0,0.33999999999999986
9.98,10.0,0.019999999999999574
50.6,50.0,-0.6000000000000014
3.16,3.0,-0.16000000000000014
15.37,15.0,-0.3699999999999992
23.24,23.0,-0.23999999999999844
104.15,105.0,0.8499999999999943
25.09,25.0,-0.08999999999999986
19.07,19.0,-0.07000000000000028
16.02,16.0,-0.019999999999999574
15.01,15.0,-0.009999999999999787
4.02,4.0,-0.019999999999999574
13.05,13.0,-0.05000000000000071
34.78,35.0,0.21999999999999886
17.19,17.0,-0.19000000000000128
18.91,19.0,0.08999999999999986
8.71,9.0,0.28999999999999915
9.96,10.0,0.03999999999999915
10.0,10.0,0.0
76.34,75.0,-1.3400000000000034
109.57,107.0,-2.569999999999993
30.92,31.0,0.0799999999999983
12.03,12.0,-0.02999999999999936
59.31,60.0,0.6899999999999977
4.0,4.0,0.0
316.63,316.0,-0.6299999999999955
17.04,19.0,1.9600000000000009
1.97,2.0,0.030000000000000027
3.21,3.0,-0.20999999999999996
15.8,16.0,0.1999999999999993
53.75,54.0,0.25
18.98,19.0,0.019999999999999574
10.01,10.0,-0.009999999999999787
8.01,8.0,-0.009999999999999787
100.08,102.0,1.9200000000000017
3.96,4.0,0.040000000000000036
7.99,8.0,0.009999999999999787
3.03,3.0,-0.029999999999999805
10.02,10.0,-0.019999999999999574
50.2,48.0,-2.200000000000003
873.72,842.0,-31.720000000000027
109.66,109.0,-0.6599999999999966
4.0,4.0,0.0
11.99,12.0,0.009999999999999787
14.86,15.0,0.14000000000000057
10.96,11.0,0.03999999999999915
1.0,1.0,0.0
11.05,11.0,-0.05000000000000071
1481.71,1610.0,128.28999999999996
5.18,5.0,-0.17999999999999972
8.16,8.0,-0.16000000000000014
183.57,188.0,4.430000000000007
7.01,7.0,-0.009999999999999787
12.02,12.0,-0.019999999999999574
4.0,4.0,0.0
4.01,4.0,-0.009999999999999787
4.01,4.0,-0.009999999999999787
87.08,87.0,-0.0799999999999983
390.17,385.0,-5.170000000000016
845.97,784.0,-61.97000000000003
6.04,6.0,-0.040000000000000036
19.15,19.0,-0.14999999999999858
4.0,4.0,0.0
18.83,19.0,0.1700000000000017
29.08,29.0,-0.0799999999999983
30.28,31.0,0.7199999999999989
188.92,190.0,1.0800000000000125
468.24,471.0,2.759999999999991
186.38,186.0,-0.37999999999999545
20.08,20.0,-0.0799999999999983
4.06,4.0,-0.05999999999999961
41.33,41.0,-0.3299999999999983
227.87,221.0,-6.8700000000000045
4.16,4.0,-0.16000000000000014
2.02,2.0,-0.020000000000000018
9.02,9.0,-0.019999999999999574
8.03,8.0,-0.02999999999999936
142.41,143.0,0.5900000000000034
0.0,0.0,0.0
10.0,10.0,0.0
6.07,6.0,-0.07000000000000028
28.09,28.0,-0.08999999999999986
122.18,126.0,3.819999999999993
2.0,2.0,0.0
55.75,56.0,0.25
0.0,0.0,0.0
23.86,24.0,0.14000000000000057
2.0,2.0,0.0
967.47,960.0,-7.470000000000027
5.97,6.0,0.03000000000000025
81.8,81.0,-0.7999999999999972
126.22,126.0,-0.21999999999999886
81.77,82.0,0.23000000000000398
148.17,151.0,2.8300000000000125
43.23,45.0,1.7700000000000031
19.95,20.0,0.05000000000000071
3.04,3.0,-0.040000000000000036
0.0,0.0,0.0
101.0,100.0,-1.0
7.07,7.0,-0.07000000000000028
13.16,13.0,-0.16000000000000014
6.03,6.0,-0.03000000000000025
114.72,117.0,2.280000000000001
182.43,177.0,-5.430000000000007
67.5,65.0,-2.5
4.08,4.0,-0.08000000000000007
5.01,5.0,-0.009999999999999787
145.43,146.0,0.5699999999999932
1305.75,1433.0,127.25
19.09,19.0,-0.08999999999999986
39.04,39.0,-0.03999999999999915
19.17,19.0,-0.1700000000000017
45.53,46.0,0.46999999999999886
100.9,102.0,1.0999999999999943
5.11,5.0,-0.11000000000000032
18.98,19.0,0.019999999999999574
9.18,9.0,-0.17999999999999972
10.95,11.0,0.05000000000000071
1.0,1.0,0.0
149.36,151.0,1.6399999999999864
5.04,5.0,-0.040000000000000036
15.84,16.0,0.16000000000000014
228.77,230.0,1.2299999999999898
81.16,81.0,-0.1599999999999966
30.14,30.0,-0.14000000000000057
547.03,516.0,-31.029999999999973
344.19,351.0,6.810000000000002
126.7,128.0,1.2999999999999972
82.11,82.0,-0.10999999999999943
602.25,610.0,7.75
99.58,99.0,-0.5799999999999983
216.69,206.0,-10.689999999999998
99.05,100.0,0.9500000000000028
400.4,396.0,-4.399999999999977
1069.73,1066.0,-3.730000000000018
53.45,52.0,-1.4500000000000028
109.45,109.0,-0.45000000000000284
54.2,54.0,-0.20000000000000284
249.9,245.0,-4.900000000000006
14.06,14.0,-0.0600000000000005
35.6,36.0,0.3999999999999986
1153.99,1142.0,-11.990000000000009
302.8,305.0,2.1999999999999886
1194.84,1214.0,19.160000000000082
31.65,32.0,0.3500000000000014
101.97,102.0,0.030000000000001137
25.96,26.0,0.03999999999999915
154.59,156.0,1.4099999999999966
416.17,403.0,-13.170000000000016
86.1,84.0,-2.0999999999999943
42.98,43.0,0.020000000000003126
15.92,16.0,0.08000000000000007
50.89,52.0,1.1099999999999994
849.47,805.0,-44.47000000000003
30.16,30.0,-0.16000000000000014
32.08,32.0,-0.0799999999999983
25.69,26.0,0.3099999999999987
198.03,197.0,-1.0300000000000011
105.93,103.0,-2.930000000000007
87.82,88.0,0.18000000000000682
16.29,16.0,-0.28999999999999915
1156.56,1158.0,1.4400000000000546
842.09,894.0,51.90999999999997
52.62,53.0,0.38000000000000256
383.95,393.0,9.050000000000011
67.82,68.0,0.18000000000000682
8.11,8.0,-0.10999999999999943
34.69,35.0,0.3100000000000023
49.52,50.0,0.4799999999999969
373.14,368.0,-5.139999999999986
734.35,750.0,15.649999999999977
1072.84,1078.0,5.160000000000082
6.0,6.0,0.0
4.02,4.0,-0.019999999999999574
13.22,13.0,-0.22000000000000064
1.06,1.0,-0.06000000000000005
496.1,468.0,-28.100000000000023
6.05,6.0,-0.04999999999999982
4.97,5.0,0.03000000000000025
26.16,26.0,-0.16000000000000014
12.93,13.0,0.07000000000000028
19.97,20.0,0.030000000000001137
10.99,11.0,0.009999999999999787
10.86,11.0,0.14000000000000057
24.09,24.0,-0.08999999999999986
95.9,95.0,-0.9000000000000057
15.06,15.0,-0.0600000000000005
50.13,50.0,-0.13000000000000256
36.83,37.0,0.1700000000000017
38.49,39.0,0.509999999999998
24.16,24.0,-0.16000000000000014
11.03,11.0,-0.02999999999999936
10.77,11.0,0.23000000000000043
26.03,26.0,-0.030000000000001137
33.58,34.0,0.4200000000000017
7.96,8.0,0.040000000000000036
76.16,77.0,0.8400000000000034
47.61,48.0,0.39000000000000057
14.97,15.0,0.02999999999999936
0.0,0.0,0.0
3.87,4.0,0.1299999999999999
164.39,163.0,-1.3899999999999864
17.99,18.0,0.010000000000001563
19.98,20.0,0.019999999999999574
24.92,25.0,0.0799999999999983
25.0,24.0,-1.0
36.37,36.0,-0.36999999999999744
215.92,212.0,-3.9199999999999875
2.0,2.0,0.0
12.68,13.0,0.3200000000000003
4.99,5.0,0.009999999999999787
45.49,45.0,-0.490000000000002
4.97,5.0,0.03000000000000025
9.99,10.0,0.009999999999999787
4.06,4.0,-0.05999999999999961
2.03,2.0,-0.029999999999999805
16.91,17.0,0.08999999999999986
15.89,16.0,0.10999999999999943
17.98,18.0,0.019999999999999574
25.96,26.0,0.03999999999999915
43.66,44.0,0.3400000000000034
23.77,24.0,0.23000000000000043
10.09,10.0,-0.08999999999999986
1.0,1.0,0.0
9.02,9.0,-0.019999999999999574
24.84,25.0,0.16000000000000014
18.11,18.0,-0.10999999999999943
0.0,0.0,0.0
34.26,34.0,-0.259999999999998
12.97,13.0,0.02999999999999936
25.01,24.0,-1.0100000000000016
331.22,334.0,2.7799999999999727
8.1,8.0,-0.09999999999999964
27.85,28.0,0.14999999999999858
6.06,6.0,-0.05999999999999961
633.78,631.0,-2.7799999999999727
2.99,3.0,0.009999999999999787
2.0,2.0,0.0
7.0,7.0,0.0
28.17,29.0,0.8299999999999983
0.0,0.0,0.0
5.04,5.0,-0.040000000000000036
0.0,0.0,0.0
33.5,33.0,-0.5
6.06,6.0,-0.05999999999999961
23.97,24.0,0.030000000000001137
10.06,10.0,-0.0600000000000005
8.01,8.0,-0.009999999999999787
1.0,1.0,0.0
25.01,25.0,-0.010000000000001563
141.97,142.0,0.030000000000001137
0.0,0.0,0.0
3.0,3.0,0.0
14.04,14.0,-0.03999999999999915
6.01,6.0,-0.009999999999999787
29.6,30.0,0.3999999999999986
50.59,50.0,-0.5900000000000034
2.02,2.0,-0.020000000000000018
39.85,40.0,0.14999999999999858
52.77,53.0,0.22999999999999687
36.64,36.0,-0.6400000000000006
135.68,135.0,-0.6800000000000068
52.51,52.0,-0.509999999999998
2.09,2.0,-0.08999999999999986
40.6,41.0,0.3999999999999986
6.04,6.0,-0.040000000000000036
3.88,4.0,0.1200000000000001
33.13,33.0,-0.13000000000000256
4.01,4.0,-0.009999999999999787
9.01,9.0,-0.009999999999999787
9.0,9.0,0.0
42.7,43.0,0.29999999999999716
24.05,24.0,-0.05000000000000071
8.02,8.0,-0.019999999999999574
8.04,8.0,-0.03999999999999915
4.01,4.0,-0.009999999999999787
5.01,5.0,-0.009999999999999787
1.04,1.0,-0.040000000000000036
51.65,52.0,0.3500000000000014
4.0,4.0,0.0
20.17,20.0,-0.1700000000000017
54.3,54.0,-0.29999999999999716
8.99,9.0,0.009999999999999787
6.95,7.0,0.04999999999999982
165.97,166.0,0.030000000000001137
133.45,134.0,0.5500000000000114
84.81,82.0,-2.8100000000000023
3.02,3.0,-0.020000000000000018
119.26,119.0,-0.2600000000000051
8.0,8.0,0.0
539.95,533.0,-6.9500000000000455
9.04,9.0,-0.03999999999999915
21.45,21.0,-0.4499999999999993
84.0,84.0,0.0
1.0,1.0,0.0
7.99,8.0,0.009999999999999787
24.05,24.0,-0.05000000000000071
36.15,36.0,-0.14999999999999858
1130.16,1187.0,56.83999999999992
51.67,51.0,-0.6700000000000017
20.98,21.0,0.019999999999999574
10.96,11.0,0.03999999999999915
405.29,404.0,-1.2900000000000205
187.16,183.0,-4.159999999999997
1706.87,2090.0,383.1300000000001
23.18,24.0,0.8200000000000003
53.22,54.0,0.7800000000000011
29.24,29.0,-0.23999999999999844
39.69,40.0,0.3100000000000023
217.4,252.0,34.599999999999994
3.01,3.0,-0.009999999999999787
2.0,2.0,0.0
11.94,12.0,0.0600000000000005
138.16,137.0,-1.1599999999999966
15.07,15.0,-0.07000000000000028
18.62,19.0,0.379999999999999
11.93,12.0,0.07000000000000028
7.01,7.0,-0.009999999999999787
3.0,3.0,0.0
9.03,9.0,-0.02999999999999936
76.07,75.0,-1.0699999999999932
39.23,39.0,-0.22999999999999687
115.47,115.0,-0.46999999999999886
5.97,6.0,0.03000000000000025
16.94,17.0,0.05999999999999872
54.54,55.0,0.46000000000000085
8.01,8.0,-0.009999999999999787
65.17,65.0,-0.1700000000000017
228.39,235.0,6.610000000000014
15.08,15.0,-0.08000000000000007
248.04,247.0,-1.039999999999992
858.68,891.0,32.32000000000005
14.07,14.0,-0.07000000000000028
517.01,507.0,-10.009999999999991
33.26,33.0,-0.259999999999998
1.01,1.0,-0.010000000000000009
14.89,15.0,0.10999999999999943
67.32,68.0,0.6800000000000068
288.87,282.0,-6.8700000000000045
8.02,8.0,-0.019999999999999574
69.42,69.0,-0.4200000000000017
19.02,19.0,-0.019999999999999574
815.65,780.0,-35.64999999999998
21.03,21.0,-0.030000000000001137
3.96,4.0,0.040000000000000036
84.81,84.0,-0.8100000000000023
101.76,102.0,0.23999999999999488
4.0,4.0,0.0
5.02,5.0,-0.019999999999999574
11.98,12.0,0.019999999999999574
42.96,43.0,0.03999999999999915
21.81,22.0,0.19000000000000128
23.83,24.0,0.1700000000000017
63.16,63.0,-0.1599999999999966
890.92,878.0,-12.919999999999959
20.24,20.0,-0.23999999999999844
99.71,99.0,-0.7099999999999937
54.05,54.0,-0.04999999999999716
788.79,781.0,-7.789999999999964
910.6,907.0,-3.6000000000000227
92.05,91.0,-1.0499999999999972
9.0,9.0,0.0
21.03,21.0,-0.030000000000001137
22.23,22.0,-0.23000000000000043
8.93,9.0,0.07000000000000028
151.34,151.0,-0.3400000000000034
37.95,38.0,0.04999999999999716
32.39,32.0,-0.39000000000000057
89.17,90.0,0.8299999999999983
138.2,138.0,-0.19999999999998863
107.26,109.0,1.7399999999999949
12.95,13.0,0.05000000000000071
3.07,3.0,-0.06999999999999984
12.08,12.0,-0.08000000000000007
106.52,108.0,1.480000000000004
398.09,409.0,10.910000000000025
58.16,58.0,-0.1599999999999966
65.02,65.0,-0.01999999999999602
72.06,72.0,-0.060000000000002274
54.45,52.0,-2.450000000000003
82.85,81.0,-1.8499999999999943
11.06,11.0,-0.0600000000000005
103.77,104.0,0.23000000000000398
20.02,20.0,-0.019999999999999574
6.97,7.0,0.03000000000000025
18.05,18.0,-0.05000000000000071
187.77,181.0,-6.77000000000001
51.31,51.0,-0.3100000000000023
78.55,79.0,0.45000000000000284
7.01,7.0,-0.009999999999999787
5.98,6.0,0.019999999999999574
13.59,14.0,0.41000000000000014
1.0,1.0,0.0
6.93,7.0,0.07000000000000028
234.37,233.0,-1.3700000000000045
6.02,6.0,-0.019999999999999574
58.22,59.0,0.7800000000000011
10.05,10.0,-0.05000000000000071
26.68,29.0,2.3200000000000003
15.94,16.0,0.0600000000000005
67.41,69.0,1.5900000000000034
8.0,8.0,0.0
45.05,45.0,-0.04999999999999716
18.15,18.0,-0.14999999999999858
12.03,12.0,-0.02999999999999936
3.99,4.0,0.009999999999999787
13.4,16.0,2.5999999999999996
46.1,46.0,-0.10000000000000142
50.19,52.0,1.8100000000000023
21.83,22.0,0.1700000000000017
6.0,6.0,0.0
114.0,111.0,-3.0
60.6,60.0,-0.6000000000000014
44.17,44.0,-0.1700000000000017
51.44,52.0,0.5600000000000023
71.23,71.0,-0.23000000000000398
38.75,39.0,0.25
12.07,12.0,-0.07000000000000028
12.95,13.0,0.05000000000000071
116.23,114.0,-2.230000000000004
62.06,62.0,-0.060000000000002274
40.43,41.0,0.5700000000000003
25.99,26.0,0.010000000000001563
192.17,188.0,-4.1699999999999875
427.49,420.0,-7.490000000000009
32.99,33.0,0.00999999999999801
19.45,18.0,-1.4499999999999993
29.9,29.0,-0.8999999999999986
5.0,5.0,0.0
20.81,21.0,0.19000000000000128
30.45,30.0,-0.4499999999999993
43.29,43.0,-0.28999999999999915
84.8,84.0,-0.7999999999999972
10.96,11.0,0.03999999999999915
7.01,7.0,-0.009999999999999787
4.0,4.0,0.0
27.9,28.0,0.10000000000000142
81.41,81.0,-0.4099999999999966
4.0,4.0,0.0
321.02,323.0,1.9800000000000182
13.15,13.0,-0.15000000000000036
73.17,73.0,-0.1700000000000017
6.99,7.0,0.009999999999999787
12.02,12.0,-0.019999999999999574
48.78,49.0,0.21999999999999886
8.0,8.0,0.0
8.0,8.0,0.0
189.58,193.0,3.4199999999999875
15.06,15.0,-0.0600000000000005
8.0,8.0,0.0
10.08,10.0,-0.08000000000000007
1367.0,1451.0,84.0
550.05,601.0,50.950000000000045
14.92,15.0,0.08000000000000007
153.68,155.0,1.3199999999999932
14.99,15.0,0.009999999999999787
48.85,47.0,-1.8500000000000014
74.18,74.0,-0.18000000000000682
15.94,16.0,0.0600000000000005
15.07,15.0,-0.07000000000000028
9.14,9.0,-0.14000000000000057
16.15,16.0,-0.14999999999999858
11.99,12.0,0.009999999999999787
7.01,7.0,-0.009999999999999787
13.23,13.0,-0.23000000000000043
93.73,96.0,2.269999999999996
63.02,63.0,-0.020000000000003126
102.74,105.0,2.260000000000005
31.15,31.0,-0.14999999999999858
1375.44,1472.0,96.55999999999995
39.79,40.0,0.21000000000000085
37.13,39.0,1.8699999999999974
113.52,113.0,-0.519999999999996
20.77,21.0,0.23000000000000043
37.23,38.0,0.7700000000000031
1.04,1.0,-0.040000000000000036
37.85,38.0,0.14999999999999858
45.88,44.0,-1.8800000000000026
36.21,37.0,0.7899999999999991
275.21,256.0,-19.20999999999998
26.39,27.0,0.6099999999999994
16.31,16.0,-0.3099999999999987
28.14,28.0,-0.14000000000000057
350.72,391.0,40.27999999999997
708.68,779.0,70.32000000000005
2.0,2.0,0.0
129.93,139.0,9.069999999999993
23.21,22.0,-1.2100000000000009
83.1,83.0,-0.09999999999999432
976.18,1048.0,71.82000000000005
101.96,103.0,1.0400000000000063
214.64,225.0,10.360000000000014
152.38,162.0,9.620000000000005
198.45,198.0,-0.44999999999998863
520.66,536.0,15.340000000000032
23.97,24.0,0.030000000000001137
33.21,33.0,-0.21000000000000085
17.05,17.0,-0.05000000000000071
7.99,8.0,0.009999999999999787
67.35,71.0,3.6500000000000057
31.0,30.0,-1.0
251.32,266.0,14.680000000000007
16.76,17.0,0.23999999999999844
87.2,88.0,0.7999999999999972
30.22,29.0,-1.2199999999999989
39.13,39.0,-0.13000000000000256
32.3,33.0,0.7000000000000028
1.98,2.0,0.020000000000000018
20.46,20.0,-0.46000000000000085
90.01,91.0,0.9899999999999949
67.24,69.0,1.7600000000000051
11.9,12.0,0.09999999999999964
37.46,37.0,-0.46000000000000085
123.96,124.0,0.04000000000000625
44.05,45.0,0.9500000000000028
24.63,25.0,0.370000000000001
50.73,51.0,0.2700000000000031
129.55,135.0,5.449999999999989
20.95,21.0,0.05000000000000071
320.31,334.0,13.689999999999998
67.44,71.0,3.5600000000000023
20.01,20.0,-0.010000000000001563
15.14,15.0,-0.14000000000000057
21.24,20.0,-1.2399999999999984
25.4,26.0,0.6000000000000014
39.45,38.0,-1.4500000000000028
140.75,147.0,6.25
1.0,1.0,0.0
20.59,21.0,0.41000000000000014
0.14,0.0,-0.14
28.75,29.0,0.25
15.87,16.0,0.13000000000000078
1892.77,2289.0,396.23
5.0,5.0,0.0
115.5,117.0,1.5
1.08,1.0,-0.08000000000000007
1.01,1.0,-0.010000000000000009
52.57,51.0,-1.5700000000000003
21.2,21.0,-0.1999999999999993
5.99,6.0,0.009999999999999787
4.0,4.0,0.0
79.89,79.0,-0.8900000000000006
17.99,18.0,0.010000000000001563
426.57,422.0,-4.569999999999993
0.0,0.0,0.0
17.21,17.0,-0.21000000000000085
22.46,25.0,2.539999999999999
63.02,63.0,-0.020000000000003126
24.04,24.0,-0.03999999999999915
18.05,18.0,-0.05000000000000071
2.01,2.0,-0.009999999999999787
5.93,6.0,0.07000000000000028
2.97,3.0,0.029999999999999805
27.16,27.0,-0.16000000000000014
3.07,3.0,-0.06999999999999984
35.87,36.0,0.13000000000000256
84.2,84.0,-0.20000000000000284
32.59,32.0,-0.5900000000000034
6.01,6.0,-0.009999999999999787
1.0,1.0,0.0
96.72,96.0,-0.7199999999999989
13.27,13.0,-0.2699999999999996
20.15,20.0,-0.14999999999999858
13.94,14.0,0.0600000000000005
131.51,132.0,0.4900000000000091
170.19,172.0,1.8100000000000023
172.52,172.0,-0.5200000000000102
4.02,4.0,-0.019999999999999574
656.21,621.0,-35.210000000000036
14.29,14.0,-0.28999999999999915
3.05,3.0,-0.04999999999999982
10.02,10.0,-0.019999999999999574
146.25,153.0,6.75
7.33,7.0,-0.33000000000000007
2.0,2.0,0.0
10.05,10.0,-0.05000000000000071
4.0,4.0,0.0
1.01,1.0,-0.010000000000000009
195.88,200.0,4.1200000000000045
1.99,2.0,0.010000000000000009
15.88,16.0,0.11999999999999922
23.56,23.0,-0.5599999999999987
6.07,6.0,-0.07000000000000028
8.02,8.0,-0.019999999999999574
2.02,2.0,-0.020000000000000018
30.0,29.0,-1.0
6.2,6.0,-0.20000000000000018
9.32,9.0,-0.3200000000000003
1.97,2.0,0.030000000000000027
43.67,44.0,0.3299999999999983
15.69,16.0,0.3100000000000005
12.05,12.0,-0.05000000000000071
17.84,18.0,0.16000000000000014
28.84,29.0,0.16000000000000014
111.84,112.0,0.1599999999999966
1.99,2.0,0.010000000000000009
6.62,7.0,0.3799999999999999
71.88,69.0,-2.8799999999999955
15.03,15.0,-0.02999999999999936
10.23,10.0,-0.23000000000000043
58.59,59.0,0.4099999999999966
508.2,529.0,20.80000000000001
6.98,7.0,0.019999999999999574
181.18,179.0,-2.180000000000007
685.94,681.0,-4.940000000000055
4.03,4.0,-0.03000000000000025
1.04,1.0,-0.040000000000000036
606.21,616.0,9.789999999999964
3.01,3.0,-0.009999999999999787
7.0,7.0,0.0
14.16,14.0,-0.16000000000000014
63.64,62.0,-1.6400000000000006
278.92,276.0,-2.920000000000016
5.95,6.0,0.04999999999999982
10.73,11.0,0.2699999999999996
49.24,49.0,-0.240000000000002
0.0,0.0,0.0
144.3,146.0,1.6999999999999886
45.1,44.0,-1.1000000000000014
12.93,13.0,0.07000000000000028
5.04,5.0,-0.040000000000000036
12.06,12.0,-0.0600000000000005
11.88,12.0,0.11999999999999922
874.47,849.0,-25.470000000000027
97.07,97.0,-0.06999999999999318
0.0,0.0,0.0
7.95,8.0,0.04999999999999982
4.0,4.0,0.0
23.11,23.0,-0.10999999999999943
11.1,11.0,-0.09999999999999964
11.98,12.0,0.019999999999999574
17.84,18.0,0.16000000000000014
181.82,185.0,3.180000000000007
27.97,28.0,0.030000000000001137
78.41,78.0,-0.4099999999999966
80.28,80.0,-0.28000000000000114
1.01,1.0,-0.010000000000000009
106.52,107.0,0.480000000000004
138.25,140.0,1.75
35.1,36.0,0.8999999999999986
31.16,31.0,-0.16000000000000014
10.1,10.0,-0.09999999999999964
12.93,13.0,0.07000000000000028
8.11,8.0,-0.10999999999999943
3.94,4.0,0.06000000000000005
126.46,124.0,-2.4599999999999937
18.75,18.0,-0.75
6.93,7.0,0.07000000000000028
1.0,1.0,0.0
7.06,7.0,-0.05999999999999961
92.5,93.0,0.5
159.08,161.0,1.9199999999999875
36.14,36.0,-0.14000000000000057
20.0,20.0,0.0
19.26,19.0,-0.26000000000000156
383.93,381.0,-2.930000000000007
402.05,406.0,3.9499999999999886
65.32,65.0,-0.3199999999999932
38.61,39.0,0.39000000000000057
604.32,612.0,7.67999999999995
31.01,31.0,-0.010000000000001563
79.93,80.0,0.06999999999999318
40.47,41.0,0.5300000000000011
60.01,65.0,4.990000000000002
4.12,4.0,-0.1200000000000001
2.0,2.0,0.0
12.08,12.0,-0.08000000000000007
17.03,17.0,-0.030000000000001137
171.61,169.0,-2.6100000000000136
1.0,1.0,0.0
3.0,3.0,0.0
19.93,20.0,0.07000000000000028
6.17,6.0,-0.16999999999999993
11.24,11.0,-0.2400000000000002
1.0,1.0,0.0
12.26,12.0,-0.2599999999999998
8.89,9.0,0.10999999999999943
7.36,12.0,4.64
8.05,8.0,-0.05000000000000071
17.22,17.0,-0.21999999999999886
1.01,1.0,-0.010000000000000009
1.0,1.0,0.0
1.0,1.0,0.0
